timestamp_iso,benchmark_label,input_lfr_rel,lfr_file_stem,success,overall_score,sec_compile_lfr_s,sec_flatten_variant_outputs_s,sec_lfr_to_mint_cumulative_s,sec_lfr_to_unplaced_json_cumulative_s,sec_unplaced_json_to_pr_s,sec_wall_total_s,pr_json_path
2026-05-06T19:59:41+00:00,COVID/AJ_rtpcr_8primer.lfr,COVID/AJ_rtpcr_8primer.lfr,AJ_rtpcr_8primer,1,0.694312,0.544397,0.001437,0.545834,0.545896,0.005427,0.551323,/home/cidar-ron/Downloads/Neptune_2026/Microfluidics-Benchmarks/Results/LFR-TestCases/COVID/AJ_rtpcr_8primer/aj_rtpcr2_fromLFR_PR.json
2026-05-06T19:59:42+00:00,COVID/ARIZE.lfr,COVID/ARIZE.lfr,ARIZE,1,0.693663,0.403858,0.001425,0.405283,0.405344,0.005079,0.410423,/home/cidar-ron/Downloads/Neptune_2026/Microfluidics-Benchmarks/Results/LFR-TestCases/COVID/ARIZE/expression1_fromLFR_PR.json
2026-05-06T19:59:43+00:00,COVID/CRISPR.lfr,COVID/CRISPR.lfr,CRISPR,1,0.685747,0.231069,0.001567,0.232636,0.232714,0.001918,0.234633,/home/cidar-ron/Downloads/Neptune_2026/Microfluidics-Benchmarks/Results/LFR-TestCases/COVID/CRISPR/crispr_fromLFR_PR.json
2026-05-06T19:59:44+00:00,COVID/DETECTR.lfr,COVID/DETECTR.lfr,DETECTR,1,0.691611,0.303909,0.002644,0.306552,0.306630,0.004649,0.311279,/home/cidar-ron/Downloads/Neptune_2026/Microfluidics-Benchmarks/Results/LFR-TestCases/COVID/DETECTR/detectr_fromLFR_PR.json
2026-05-06T19:59:45+00:00,COVID/ELISALFR.lfr,COVID/ELISALFR.lfr,ELISALFR,1,0.690838,0.243314,0.001801,0.245115,0.245206,0.001684,0.246890,/home/cidar-ron/Downloads/Neptune_2026/Microfluidics-Benchmarks/Results/LFR-TestCases/COVID/ELISALFR/expression1_fromLFR_PR.json
2026-05-06T19:59:46+00:00,COVID/covid_crispr.lfr,COVID/covid_crispr.lfr,covid_crispr,1,0.682034,0.198016,0.001447,0.199463,0.199526,0.001038,0.200564,/home/cidar-ron/Downloads/Neptune_2026/Microfluidics-Benchmarks/Results/LFR-TestCases/COVID/covid_crispr/expression1_fromLFR_PR.json
2026-05-06T19:59:47+00:00,COVID/electro4.lfr,COVID/electro4.lfr,electro4,1,0.687950,0.295609,0.001432,0.297041,0.297063,0.002303,0.299366,/home/cidar-ron/Downloads/Neptune_2026/Microfluidics-Benchmarks/Results/LFR-TestCases/COVID/electro4/electro4_fromLFR_PR.json
2026-05-06T19:59:48+00:00,COVID/hybri_detect.lfr,COVID/hybri_detect.lfr,hybri_detect,1,0.685442,0.222701,0.001378,0.224079,0.224099,0.001836,0.225935,/home/cidar-ron/Downloads/Neptune_2026/Microfluidics-Benchmarks/Results/LFR-TestCases/COVID/hybri_detect/hybri_detect_fromLFR_PR.json
2026-05-06T19:59:50+00:00,COVID/part1_rna.lfr,COVID/part1_rna.lfr,part1_rna,1,0.688774,0.229058,0.002023,0.231081,0.231117,0.001939,0.233055,/home/cidar-ron/Downloads/Neptune_2026/Microfluidics-Benchmarks/Results/LFR-TestCases/COVID/part1_rna/part1_rna_fromLFR_PR.json
2026-05-06T19:59:51+00:00,COVID/part2_lfr.lfr,COVID/part2_lfr.lfr,part2_lfr,1,0.684641,0.215721,0.001351,0.217072,0.217132,0.001482,0.218614,/home/cidar-ron/Downloads/Neptune_2026/Microfluidics-Benchmarks/Results/LFR-TestCases/COVID/part2_lfr/part2_rt_fromLFR_PR.json
2026-05-06T19:59:52+00:00,COVID/part3_gel.lfr,COVID/part3_gel.lfr,part3_gel,1,0.687191,0.224138,0.001425,0.225563,0.225586,0.001136,0.226722,/home/cidar-ron/Downloads/Neptune_2026/Microfluidics-Benchmarks/Results/LFR-TestCases/COVID/part3_gel/part3_gel_fromLFR_PR.json
2026-05-06T19:59:53+00:00,COVID/rt_pcr.lfr,COVID/rt_pcr.lfr,rt_pcr,1,0.680671,0.185686,0.002743,0.188430,0.188504,0.001430,0.189934,/home/cidar-ron/Downloads/Neptune_2026/Microfluidics-Benchmarks/Results/LFR-TestCases/COVID/rt_pcr/pcr_fromLFR_PR.json
2026-05-06T19:59:54+00:00,Expressions/expression1.lfr,Expressions/expression1.lfr,expression1,1,0.685665,0.255568,0.001460,0.257029,0.257055,0.001571,0.258626,/home/cidar-ron/Downloads/Neptune_2026/Microfluidics-Benchmarks/Results/LFR-TestCases/Expressions/expression1/expression1_fromLFR_PR.json
2026-05-06T19:59:55+00:00,Expressions/expression10.lfr,Expressions/expression10.lfr,expression10,1,0.681531,0.253253,0.001415,0.254669,0.254690,0.001636,0.256326,/home/cidar-ron/Downloads/Neptune_2026/Microfluidics-Benchmarks/Results/LFR-TestCases/Expressions/expression10/expression10_fromLFR_PR.json
2026-05-06T19:59:56+00:00,Expressions/expression11.lfr,Expressions/expression11.lfr,expression11,1,0.682034,0.174826,0.001565,0.176391,0.176416,0.001019,0.177434,/home/cidar-ron/Downloads/Neptune_2026/Microfluidics-Benchmarks/Results/LFR-TestCases/Expressions/expression11/expression11_fromLFR_PR.json
2026-05-06T19:59:57+00:00,Expressions/expression12.lfr,Expressions/expression12.lfr,expression12,1,0.698771,0.298469,0.001986,0.300455,0.300485,0.005262,0.305747,/home/cidar-ron/Downloads/Neptune_2026/Microfluidics-Benchmarks/Results/LFR-TestCases/Expressions/expression12/expression12_fromLFR_PR.json
2026-05-06T19:59:58+00:00,Expressions/expression13.lfr,Expressions/expression13.lfr,expression13,1,0.660743,0.175833,0.001592,0.177425,0.177450,0.001305,0.178755,/home/cidar-ron/Downloads/Neptune_2026/Microfluidics-Benchmarks/Results/LFR-TestCases/Expressions/expression13/expression13_fromLFR_PR.json
2026-05-06T19:59:59+00:00,Expressions/expression14.lfr,Expressions/expression14.lfr,expression14,1,0.695822,0.436574,0.001392,0.437966,0.437987,0.005960,0.443946,/home/cidar-ron/Downloads/Neptune_2026/Microfluidics-Benchmarks/Results/LFR-TestCases/Expressions/expression14/expression14_fromLFR_PR.json
2026-05-06T20:00:00+00:00,Expressions/expression15.lfr,Expressions/expression15.lfr,expression15,1,0.686132,0.294550,0.001383,0.295932,0.295953,0.002967,0.298920,/home/cidar-ron/Downloads/Neptune_2026/Microfluidics-Benchmarks/Results/LFR-TestCases/Expressions/expression15/expression15_fromLFR_PR.json
2026-05-06T20:00:01+00:00,Expressions/expression2.lfr,Expressions/expression2.lfr,expression2,1,0.683080,0.222094,0.001473,0.223567,0.223589,0.001435,0.225025,/home/cidar-ron/Downloads/Neptune_2026/Microfluidics-Benchmarks/Results/LFR-TestCases/Expressions/expression2/expression2_fromLFR_PR.json
2026-05-06T20:00:03+00:00,Expressions/expression3.lfr,Expressions/expression3.lfr,expression3,1,0.681923,0.205439,0.001833,0.207272,0.207302,0.002196,0.209498,/home/cidar-ron/Downloads/Neptune_2026/Microfluidics-Benchmarks/Results/LFR-TestCases/Expressions/expression3/expression3_fromLFR_PR.json
2026-05-06T20:00:04+00:00,Expressions/expression4.lfr,Expressions/expression4.lfr,expression4,1,0.683943,0.190977,0.001434,0.192410,0.192434,0.001533,0.193967,/home/cidar-ron/Downloads/Neptune_2026/Microfluidics-Benchmarks/Results/LFR-TestCases/Expressions/expression4/expression4_fromLFR_PR.json
2026-05-06T20:00:05+00:00,Expressions/expression5.lfr,Expressions/expression5.lfr,expression5,1,0.682402,0.262854,0.001821,0.264674,0.264707,0.002621,0.267327,/home/cidar-ron/Downloads/Neptune_2026/Microfluidics-Benchmarks/Results/LFR-TestCases/Expressions/expression5/expression5_fromLFR_PR.json
2026-05-06T20:00:06+00:00,Expressions/expression6.lfr,Expressions/expression6.lfr,expression6,1,0.688614,0.244022,0.001638,0.245661,0.245691,0.002729,0.248420,/home/cidar-ron/Downloads/Neptune_2026/Microfluidics-Benchmarks/Results/LFR-TestCases/Expressions/expression6/expression6_fromLFR_PR.json
2026-05-06T20:00:07+00:00,Expressions/expression7.lfr,Expressions/expression7.lfr,expression7,1,0.696610,0.224043,0.001607,0.225651,0.225682,0.001865,0.227547,/home/cidar-ron/Downloads/Neptune_2026/Microfluidics-Benchmarks/Results/LFR-TestCases/Expressions/expression7/expression7_fromLFR_PR.json
2026-05-06T20:00:08+00:00,Expressions/expression8.lfr,Expressions/expression8.lfr,expression8,1,0.696377,0.235704,0.001445,0.237149,0.237171,0.001512,0.238683,/home/cidar-ron/Downloads/Neptune_2026/Microfluidics-Benchmarks/Results/LFR-TestCases/Expressions/expression8/expression8_fromLFR_PR.json
2026-05-06T20:00:09+00:00,Expressions/expression9.lfr,Expressions/expression9.lfr,expression9,1,0.681531,0.248650,0.001442,0.250092,0.250115,0.001594,0.251709,/home/cidar-ron/Downloads/Neptune_2026/Microfluidics-Benchmarks/Results/LFR-TestCases/Expressions/expression9/expression9_fromLFR_PR.json
2026-05-06T20:00:10+00:00,GraphCoverage/cycle.lfr,GraphCoverage/cycle.lfr,cycle,1,0.400558,0.203781,0.001629,0.205409,0.205433,0.000873,0.206307,/home/cidar-ron/Downloads/Neptune_2026/Microfluidics-Benchmarks/Results/LFR-TestCases/GraphCoverage/cycle/cycle_fromLFR_PR.json
2026-05-06T20:00:11+00:00,GraphCoverage/n_g_m_map.lfr,GraphCoverage/n_g_m_map.lfr,n_g_m_map,1,0.400094,0.176348,0.002586,0.178934,0.178961,0.000754,0.179715,/home/cidar-ron/Downloads/Neptune_2026/Microfluidics-Benchmarks/Results/LFR-TestCases/GraphCoverage/n_g_m_map/n_g_m_map_fromLFR_PR.json
2026-05-06T20:00:12+00:00,GraphCoverage/n_l_m_map.lfr,GraphCoverage/n_l_m_map.lfr,n_l_m_map,1,0.400094,0.188937,0.001459,0.190396,0.190419,0.000612,0.191031,/home/cidar-ron/Downloads/Neptune_2026/Microfluidics-Benchmarks/Results/LFR-TestCases/GraphCoverage/n_l_m_map/n_l_m_map_fromLFR_PR.json
2026-05-06T20:00:13+00:00,GraphCoverage/one_to_one.lfr,GraphCoverage/one_to_one.lfr,one_to_one,1,0.700094,0.157604,0.001443,0.159047,0.159074,0.000674,0.159747,/home/cidar-ron/Downloads/Neptune_2026/Microfluidics-Benchmarks/Results/LFR-TestCases/GraphCoverage/one_to_one/one_to_one_fromLFR_PR.json
2026-05-06T20:00:14+00:00,GraphCoverage/tree_bus.lfr,GraphCoverage/tree_bus.lfr,tree_bus,1,0.700094,0.171913,0.001367,0.173280,0.173301,0.000669,0.173970,/home/cidar-ron/Downloads/Neptune_2026/Microfluidics-Benchmarks/Results/LFR-TestCases/GraphCoverage/tree_bus/tree_bus_fromLFR_PR.json
2026-05-06T20:00:15+00:00,GraphCoverage/tree_fanin.lfr,GraphCoverage/tree_fanin.lfr,tree_fanin,1,0.700054,0.206899,0.001403,0.208302,0.208326,0.001774,0.210100,/home/cidar-ron/Downloads/Neptune_2026/Microfluidics-Benchmarks/Results/LFR-TestCases/GraphCoverage/tree_fanin/tree_fanin_fromLFR_PR.json
2026-05-06T20:00:16+00:00,GraphCoverage/tree_fanout.lfr,GraphCoverage/tree_fanout.lfr,tree_fanout,1,0.700054,0.210153,0.001452,0.211605,0.211634,0.001897,0.213530,/home/cidar-ron/Downloads/Neptune_2026/Microfluidics-Benchmarks/Results/LFR-TestCases/GraphCoverage/tree_fanout/tree_fanout_fromLFR_PR.json
2026-05-06T20:00:17+00:00,LiteratureBenchmarks/device1_scRNA_seq.lfr,LiteratureBenchmarks/device1_scRNA_seq.lfr,device1_scRNA_seq,1,0.682515,0.257291,0.001373,0.258664,0.258686,0.001803,0.260489,/home/cidar-ron/Downloads/Neptune_2026/Microfluidics-Benchmarks/Results/LFR-TestCases/LiteratureBenchmarks/device1_scRNA_seq/device1_scRNA_seq_fromLFR_PR.json
2026-05-06T20:00:18+00:00,LiteratureBenchmarks/device2_artificial_cells.lfr,LiteratureBenchmarks/device2_artificial_cells.lfr,device2_artificial_cells,1,0.647976,0.318933,0.001411,0.320343,0.320365,0.002203,0.322569,/home/cidar-ron/Downloads/Neptune_2026/Microfluidics-Benchmarks/Results/LFR-TestCases/LiteratureBenchmarks/device2_artificial_cells/device2_artificial_cells_fromLFR_PR.json
2026-05-06T20:00:19+00:00,LiteratureBenchmarks/device4_molecular_diagnostics.lfr,LiteratureBenchmarks/device4_molecular_diagnostics.lfr,device4_molecular_diagnostics,1,0.688424,0.238038,0.001427,0.239465,0.239487,0.001951,0.241438,/home/cidar-ron/Downloads/Neptune_2026/Microfluidics-Benchmarks/Results/LFR-TestCases/LiteratureBenchmarks/device4_molecular_diagnostics/device4_molecular_diagnostics_fromLFR_PR.json
2026-05-06T20:00:20+00:00,LiteratureBenchmarks/device5_bacteria_diagnostics.lfr,LiteratureBenchmarks/device5_bacteria_diagnostics.lfr,device5_bacteria_diagnostics,1,0.683278,0.221249,0.001545,0.222794,0.222822,0.001950,0.224772,/home/cidar-ron/Downloads/Neptune_2026/Microfluidics-Benchmarks/Results/LFR-TestCases/LiteratureBenchmarks/device5_bacteria_diagnostics/device5_bacteria_diagnostics_fromLFR_PR.json
2026-05-06T20:00:22+00:00,LiteratureBenchmarks/device6_organic_chemical_synthesis.lfr,LiteratureBenchmarks/device6_organic_chemical_synthesis.lfr,device6_organic_chemical_synthesis,1,0.694493,0.493089,0.001474,0.494562,0.494593,0.006633,0.501226,/home/cidar-ron/Downloads/Neptune_2026/Microfluidics-Benchmarks/Results/LFR-TestCases/LiteratureBenchmarks/device6_organic_chemical_synthesis/device6_organic_chemical_synthesis_fromLFR_PR.json
2026-05-06T20:00:23+00:00,LiteratureBenchmarks/device7_enzyme_screening.lfr,LiteratureBenchmarks/device7_enzyme_screening.lfr,device7_enzyme_screening,1,0.684320,0.311663,0.001704,0.313367,0.313392,0.002018,0.315410,/home/cidar-ron/Downloads/Neptune_2026/Microfluidics-Benchmarks/Results/LFR-TestCases/LiteratureBenchmarks/device7_enzyme_screening/device7_enzyme_screening_fromLFR_PR.json
2026-05-06T20:00:24+00:00,ParserTest/declarations.lfr,ParserTest/declarations.lfr,declarations,1,0.400094,0.190512,0.001381,0.191894,0.191914,0.000538,0.192452,/home/cidar-ron/Downloads/Neptune_2026/Microfluidics-Benchmarks/Results/LFR-TestCases/ParserTest/declarations/declarations_fromLFR_PR.json
2026-05-06T20:00:25+00:00,ParserTest/pumpstat.lfr,ParserTest/pumpstat.lfr,pumpstat,1,0.700094,0.165722,0.004845,0.170566,0.170596,0.001125,0.171721,/home/cidar-ron/Downloads/Neptune_2026/Microfluidics-Benchmarks/Results/LFR-TestCases/ParserTest/pumpstat/pumpstat_fromLFR_PR.json
2026-05-06T20:00:26+00:00,Protocols/MARS/cell_lysis.lfr,Protocols/MARS/cell_lysis.lfr,cell_lysis,1,0.687790,0.253734,0.001415,0.255149,0.255170,0.001823,0.256993,/home/cidar-ron/Downloads/Neptune_2026/Microfluidics-Benchmarks/Results/LFR-TestCases/Protocols/MARS/cell_lysis/cell_lysis_fromLFR_PR.json
2026-05-06T20:00:27+00:00,Protocols/MARS/cell_sorting.lfr,Protocols/MARS/cell_sorting.lfr,cell_sorting,1,0.700079,0.177291,0.001603,0.178894,0.178920,0.001466,0.180386,/home/cidar-ron/Downloads/Neptune_2026/Microfluidics-Benchmarks/Results/LFR-TestCases/Protocols/MARS/cell_sorting/cell_sorting_fromLFR_PR.json
2026-05-06T20:00:28+00:00,Protocols/MARS/dna_digest.lfr,Protocols/MARS/dna_digest.lfr,dna_digest,1,0.689313,0.296001,0.001639,0.297639,0.297666,0.003051,0.300717,/home/cidar-ron/Downloads/Neptune_2026/Microfluidics-Benchmarks/Results/LFR-TestCases/Protocols/MARS/dna_digest/dna_digest_fromLFR_PR.json
2026-05-06T20:00:29+00:00,Protocols/MARS/fluorescence.lfr,Protocols/MARS/fluorescence.lfr,fluorescence,1,0.689394,0.275507,0.001486,0.276993,0.277021,0.002160,0.279181,/home/cidar-ron/Downloads/Neptune_2026/Microfluidics-Benchmarks/Results/LFR-TestCases/Protocols/MARS/fluorescence/fluorescence_fromLFR_PR.json
2026-05-06T20:00:31+00:00,Protocols/MARS/ligation.lfr,Protocols/MARS/ligation.lfr,ligation,1,0.691780,0.478124,0.001467,0.479591,0.479628,0.005049,0.484677,/home/cidar-ron/Downloads/Neptune_2026/Microfluidics-Benchmarks/Results/LFR-TestCases/Protocols/MARS/ligation/ligation_fromLFR_PR.json
2026-05-06T20:00:32+00:00,Protocols/MARS/pcr.lfr,Protocols/MARS/pcr.lfr,pcr,1,0.680969,0.177532,0.001358,0.178890,0.178910,0.000889,0.179799,/home/cidar-ron/Downloads/Neptune_2026/Microfluidics-Benchmarks/Results/LFR-TestCases/Protocols/MARS/pcr/pcr_fromLFR_PR.json
2026-05-06T20:00:33+00:00,Protocols/MARS/transformation.lfr,Protocols/MARS/transformation.lfr,transformation,1,0.689036,0.297105,0.006729,0.303834,0.303867,0.003064,0.306931,/home/cidar-ron/Downloads/Neptune_2026/Microfluidics-Benchmarks/Results/LFR-TestCases/Protocols/MARS/transformation/transformation_fromLFR_PR.json
2026-05-06T20:00:34+00:00,Protocols/directed_evolution.lfr,Protocols/directed_evolution.lfr,directed_evolution,1,0.684587,0.304568,0.001426,0.305994,0.306016,0.002343,0.308359,/home/cidar-ron/Downloads/Neptune_2026/Microfluidics-Benchmarks/Results/LFR-TestCases/Protocols/directed_evolution/directed_evolution_fromLFR_PR.json
2026-05-06T20:00:35+00:00,Ryuichi's designs/MFD005chip.lfr,Ryuichi's designs/MFD005chip.lfr,MFD005chip,1,0.676472,0.257273,0.001413,0.258686,0.258708,0.001124,0.259833,/home/cidar-ron/Downloads/Neptune_2026/Microfluidics-Benchmarks/Results/LFR-TestCases/Ryuichi's designs/MFD005chip/MFD005chip_fromLFR_PR.json
2026-05-06T20:00:37+00:00,Ryuichi's designs/chemostat_chip.lfr,Ryuichi's designs/chemostat_chip.lfr,chemostat_chip,1,0.693724,0.928736,0.001723,0.930459,0.930483,0.011578,0.942061,/home/cidar-ron/Downloads/Neptune_2026/Microfluidics-Benchmarks/Results/LFR-TestCases/Ryuichi's designs/chemostat_chip/chemostat_chip_fromLFR_PR.json
2026-05-06T20:00:39+00:00,Ryuichi's designs/dnasynthesizer.lfr,Ryuichi's designs/dnasynthesizer.lfr,dnasynthesizer,1,0.695206,0.633709,0.001427,0.635137,0.635158,0.008089,0.643247,/home/cidar-ron/Downloads/Neptune_2026/Microfluidics-Benchmarks/Results/LFR-TestCases/Ryuichi's designs/dnasynthesizer/dnasynthesizer_fromLFR_PR.json
2026-05-06T20:00:40+00:00,Ryuichi's designs/genetic_clock_testing_tool.lfr,Ryuichi's designs/genetic_clock_testing_tool.lfr,genetic_clock_testing_tool,1,0.667580,0.196131,0.001381,0.197512,0.197533,0.001480,0.199013,/home/cidar-ron/Downloads/Neptune_2026/Microfluidics-Benchmarks/Results/LFR-TestCases/Ryuichi's designs/genetic_clock_testing_tool/genetic_clock_testing_tool_fromLFR_PR.json
2026-05-06T20:00:41+00:00,Ryuichi's designs/glycoform.lfr,Ryuichi's designs/glycoform.lfr,glycoform,1,0.700064,0.184388,0.001367,0.185756,0.185776,0.001451,0.187227,/home/cidar-ron/Downloads/Neptune_2026/Microfluidics-Benchmarks/Results/LFR-TestCases/Ryuichi's designs/glycoform/glycoform_fromLFR_PR.json
2026-05-06T20:00:42+00:00,Ryuichi's designs/gradient.lfr,Ryuichi's designs/gradient.lfr,gradient,1,0.694513,0.574509,0.001672,0.576180,0.576212,0.010434,0.586646,/home/cidar-ron/Downloads/Neptune_2026/Microfluidics-Benchmarks/Results/LFR-TestCases/Ryuichi's designs/gradient/gradient_fromLFR_PR.json
2026-05-06T20:00:43+00:00,Ryuichi's designs/incubator.lfr,Ryuichi's designs/incubator.lfr,incubator,1,0.400565,0.325557,0.001485,0.327042,0.327067,0.001151,0.328217,/home/cidar-ron/Downloads/Neptune_2026/Microfluidics-Benchmarks/Results/LFR-TestCases/Ryuichi's designs/incubator/incubator_fromLFR_PR.json
2026-05-06T20:00:45+00:00,Ryuichi's designs/inlet16.lfr,Ryuichi's designs/inlet16.lfr,inlet16,1,0.695163,0.426849,0.001487,0.428336,0.428359,0.006023,0.434382,/home/cidar-ron/Downloads/Neptune_2026/Microfluidics-Benchmarks/Results/LFR-TestCases/Ryuichi's designs/inlet16/inlet16_fromLFR_PR.json
2026-05-06T20:00:46+00:00,Ryuichi's designs/kinetics.lfr,Ryuichi's designs/kinetics.lfr,kinetics,1,0.684223,0.198048,0.001506,0.199553,0.199577,0.001353,0.200930,/home/cidar-ron/Downloads/Neptune_2026/Microfluidics-Benchmarks/Results/LFR-TestCases/Ryuichi's designs/kinetics/kinetics_fromLFR_PR.json
2026-05-06T20:00:47+00:00,Ryuichi's designs/microalgal_bioassay.lfr,Ryuichi's designs/microalgal_bioassay.lfr,microalgal_bioassay,1,0.690900,0.275274,0.001569,0.276843,0.276929,0.003046,0.279975,/home/cidar-ron/Downloads/Neptune_2026/Microfluidics-Benchmarks/Results/LFR-TestCases/Ryuichi's designs/microalgal_bioassay/microalgal_fromLFR_PR.json
2026-05-06T20:00:48+00:00,Ryuichi's designs/microdroplet.lfr,Ryuichi's designs/microdroplet.lfr,microdroplet,1,0.691438,0.368287,0.001427,0.369714,0.369738,0.002227,0.371965,/home/cidar-ron/Downloads/Neptune_2026/Microfluidics-Benchmarks/Results/LFR-TestCases/Ryuichi's designs/microdroplet/microdroplet_fromLFR_PR.json
2026-05-06T20:00:49+00:00,Ryuichi's designs/microreactor.lfr,Ryuichi's designs/microreactor.lfr,microreactor,1,0.685815,0.265164,0.001514,0.266678,0.266702,0.002025,0.268727,/home/cidar-ron/Downloads/Neptune_2026/Microfluidics-Benchmarks/Results/LFR-TestCases/Ryuichi's designs/microreactor/microreactor_fromLFR_PR.json
2026-05-06T20:00:51+00:00,Ryuichi's designs/mux96chambers.lfr,Ryuichi's designs/mux96chambers.lfr,mux96chambers,1,0.700073,1.183766,0.001451,1.185217,1.185245,0.008205,1.193450,/home/cidar-ron/Downloads/Neptune_2026/Microfluidics-Benchmarks/Results/LFR-TestCases/Ryuichi's designs/mux96chambers/mux96chambers_fromLFR_PR.json
2026-05-06T20:00:53+00:00,Ryuichi's designs/nine_to_one_mux.lfr,Ryuichi's designs/nine_to_one_mux.lfr,nine_to_one_mux,1,0.698239,0.398356,0.001995,0.400352,0.400386,0.005985,0.406372,/home/cidar-ron/Downloads/Neptune_2026/Microfluidics-Benchmarks/Results/LFR-TestCases/Ryuichi's designs/nine_to_one_mux/nine_to_one_mux_fromLFR_PR.json
2026-05-06T20:00:54+00:00,Ryuichi's designs/olfactory.lfr,Ryuichi's designs/olfactory.lfr,olfactory,1,0.696720,0.264201,0.001667,0.265868,0.265897,0.002052,0.267950,/home/cidar-ron/Downloads/Neptune_2026/Microfluidics-Benchmarks/Results/LFR-TestCases/Ryuichi's designs/olfactory/olfactory_fromLFR_PR.json
2026-05-06T20:00:55+00:00,Ryuichi's designs/rootchip.lfr,Ryuichi's designs/rootchip.lfr,rootchip,1,0.400051,0.276947,0.001372,0.278319,0.278340,0.000892,0.279233,/home/cidar-ron/Downloads/Neptune_2026/Microfluidics-Benchmarks/Results/LFR-TestCases/Ryuichi's designs/rootchip/rootchip_fromLFR_PR.json
2026-05-06T20:00:56+00:00,Ryuichi's designs/seeding.lfr,Ryuichi's designs/seeding.lfr,seeding,1,0.687806,0.322367,0.001388,0.323755,0.323776,0.001448,0.325224,/home/cidar-ron/Downloads/Neptune_2026/Microfluidics-Benchmarks/Results/LFR-TestCases/Ryuichi's designs/seeding/seeding_fromLFR_PR.json
2026-05-06T20:00:57+00:00,TechnologyMapping/cycle.lfr,TechnologyMapping/cycle.lfr,cycle,1,0.400558,0.178763,0.001331,0.180094,0.180115,0.000675,0.180790,/home/cidar-ron/Downloads/Neptune_2026/Microfluidics-Benchmarks/Results/LFR-TestCases/TechnologyMapping/cycle/cycle_fromLFR_PR.json
2026-05-06T20:00:58+00:00,TechnologyMapping/instance_mapping.lfr,TechnologyMapping/instance_mapping.lfr,instance_mapping,1,0.672391,0.187173,0.001443,0.188615,0.188677,0.000837,0.189514,/home/cidar-ron/Downloads/Neptune_2026/Microfluidics-Benchmarks/Results/LFR-TestCases/TechnologyMapping/instance_mapping/full_system_fromLFR_PR.json
2026-05-06T20:00:59+00:00,TechnologyMapping/n_g_m_map.lfr,TechnologyMapping/n_g_m_map.lfr,n_g_m_map,1,0.690788,0.208795,0.001393,0.210188,0.210210,0.001767,0.211977,/home/cidar-ron/Downloads/Neptune_2026/Microfluidics-Benchmarks/Results/LFR-TestCases/TechnologyMapping/n_g_m_map/n_g_m_map_fromLFR_PR.json
2026-05-06T20:01:00+00:00,TechnologyMapping/n_l_m_map.lfr,TechnologyMapping/n_l_m_map.lfr,n_l_m_map,1,0.690936,0.218099,0.001371,0.219470,0.219491,0.001754,0.221244,/home/cidar-ron/Downloads/Neptune_2026/Microfluidics-Benchmarks/Results/LFR-TestCases/TechnologyMapping/n_l_m_map/n_l_m_map_fromLFR_PR.json
2026-05-06T20:01:01+00:00,TechnologyMapping/one_to_one_mapping.lfr,TechnologyMapping/one_to_one_mapping.lfr,one_to_one_mapping,1,0.672391,0.182205,0.001607,0.183812,0.183836,0.001271,0.185108,/home/cidar-ron/Downloads/Neptune_2026/Microfluidics-Benchmarks/Results/LFR-TestCases/TechnologyMapping/one_to_one_mapping/one_to_one_mapping_fromLFR_PR.json
2026-05-06T20:01:02+00:00,TechnologyMapping/tree_bus.lfr,TechnologyMapping/tree_bus.lfr,tree_bus,1,0.690044,0.226908,0.001401,0.228309,0.228331,0.002822,0.231154,/home/cidar-ron/Downloads/Neptune_2026/Microfluidics-Benchmarks/Results/LFR-TestCases/TechnologyMapping/tree_bus/tree_bus_fromLFR_PR.json
2026-05-06T20:01:03+00:00,TechnologyMapping/tree_fanin_mapping.lfr,TechnologyMapping/tree_fanin_mapping.lfr,tree_fanin_mapping,1,0.697444,0.248478,0.002473,0.250951,0.251176,0.004508,0.255684,/home/cidar-ron/Downloads/Neptune_2026/Microfluidics-Benchmarks/Results/LFR-TestCases/TechnologyMapping/tree_fanin_mapping/tree_fanin_fromLFR_PR.json
2026-05-06T20:01:04+00:00,TechnologyMapping/tree_fanout_mapping.lfr,TechnologyMapping/tree_fanout_mapping.lfr,tree_fanout_mapping,1,0.697517,0.211343,0.001687,0.213029,0.213107,0.003575,0.216682,/home/cidar-ron/Downloads/Neptune_2026/Microfluidics-Benchmarks/Results/LFR-TestCases/TechnologyMapping/tree_fanout_mapping/tree_fanout_fromLFR_PR.json
2026-05-06T20:01:05+00:00,TechnologyMapping/tree_fanout_mapping2.lfr,TechnologyMapping/tree_fanout_mapping2.lfr,tree_fanout_mapping2,1,0.695869,0.213269,0.001585,0.214855,0.214938,0.001946,0.216884,/home/cidar-ron/Downloads/Neptune_2026/Microfluidics-Benchmarks/Results/LFR-TestCases/TechnologyMapping/tree_fanout_mapping2/tree_fanout2_fromLFR_PR.json
2026-05-06T20:01:06+00:00,TechnologyMapping/tree_fanout_mapping3.lfr,TechnologyMapping/tree_fanout_mapping3.lfr,tree_fanout_mapping3,1,0.697209,0.222296,0.001395,0.223691,0.223711,0.003031,0.226742,/home/cidar-ron/Downloads/Neptune_2026/Microfluidics-Benchmarks/Results/LFR-TestCases/TechnologyMapping/tree_fanout_mapping3/tree_fanout_mapping3_fromLFR_PR.json
2026-05-06T20:01:07+00:00,TechnologyMapping/tree_storage_bus_mapping.lfr,TechnologyMapping/tree_storage_bus_mapping.lfr,tree_storage_bus_mapping,1,0.692619,0.224825,0.001368,0.226193,0.226215,0.005020,0.231235,/home/cidar-ron/Downloads/Neptune_2026/Microfluidics-Benchmarks/Results/LFR-TestCases/TechnologyMapping/tree_storage_bus_mapping/tree_storage_bus_mapping_fromLFR_PR.json
2026-05-06T20:01:09+00:00,Transport Networks/distribute_network_examples.lfr,Transport Networks/distribute_network_examples.lfr,distribute_network_examples,1,0.698053,0.354428,0.001373,0.355802,0.355823,0.003177,0.359001,/home/cidar-ron/Downloads/Neptune_2026/Microfluidics-Benchmarks/Results/LFR-TestCases/Transport Networks/distribute_network_examples/distribute_network_examples_fromLFR_PR.json
2026-05-06T20:01:10+00:00,Transport Networks/one_to_8.lfr,Transport Networks/one_to_8.lfr,one_to_8,1,0.698368,0.331239,0.001404,0.332643,0.332665,0.003293,0.335958,/home/cidar-ron/Downloads/Neptune_2026/Microfluidics-Benchmarks/Results/LFR-TestCases/Transport Networks/one_to_8/one_to_8_fromLFR_PR.json
2026-05-06T20:01:11+00:00,Transport Networks/one_to_one.lfr,Transport Networks/one_to_one.lfr,one_to_one,1,0.695508,0.176556,0.001366,0.177922,0.177942,0.000894,0.178837,/home/cidar-ron/Downloads/Neptune_2026/Microfluidics-Benchmarks/Results/LFR-TestCases/Transport Networks/one_to_one/one_to_one_fromLFR_PR.json
2026-05-06T20:01:12+00:00,chthesis/grad_cells.lfr,chthesis/grad_cells.lfr,grad_cells,1,0.689999,0.336104,0.001329,0.337433,0.337453,0.003889,0.341341,/home/cidar-ron/Downloads/Neptune_2026/Microfluidics-Benchmarks/Results/LFR-TestCases/chthesis/grad_cells/grad_cells_fromLFR_PR.json
2026-05-06T20:01:13+00:00,chthesis/hasty.lfr,chthesis/hasty.lfr,hasty,1,0.688919,0.198973,0.001615,0.200588,0.200619,0.001790,0.202409,/home/cidar-ron/Downloads/Neptune_2026/Microfluidics-Benchmarks/Results/LFR-TestCases/chthesis/hasty/hasty_fromLFR_PR.json
2026-05-06T20:01:14+00:00,chthesis/logic04.lfr,chthesis/logic04.lfr,logic04,1,0.694735,0.491609,0.001550,0.493159,0.493183,0.004776,0.497960,/home/cidar-ron/Downloads/Neptune_2026/Microfluidics-Benchmarks/Results/LFR-TestCases/chthesis/logic04/logic04_fromLFR_PR.json
2026-05-06T20:01:15+00:00,chthesis/multi_input.lfr,chthesis/multi_input.lfr,multi_input,1,0.691341,0.274898,0.001439,0.276337,0.276365,0.002092,0.278458,/home/cidar-ron/Downloads/Neptune_2026/Microfluidics-Benchmarks/Results/LFR-TestCases/chthesis/multi_input/multi_input_fromLFR_PR.json
2026-05-06T20:01:16+00:00,chthesis/net_mux.lfr,chthesis/net_mux.lfr,net_mux,1,0.400245,0.303042,0.001388,0.304431,0.304465,0.001579,0.306045,/home/cidar-ron/Downloads/Neptune_2026/Microfluidics-Benchmarks/Results/LFR-TestCases/chthesis/net_mux/net_mux_fromLFR_PR.json
2026-05-06T20:01:18+00:00,chthesis/rotary16.lfr,chthesis/rotary16.lfr,rotary16,1,0.401377,0.479243,0.001389,0.480632,0.480654,0.001925,0.482579,/home/cidar-ron/Downloads/Neptune_2026/Microfluidics-Benchmarks/Results/LFR-TestCases/chthesis/rotary16/rotary16_fromLFR_PR.json
2026-05-06T20:01:19+00:00,chthesis/rotary_cells.lfr,chthesis/rotary_cells.lfr,rotary_cells,1,0.693088,0.272864,0.001474,0.274338,0.274360,0.001958,0.276318,/home/cidar-ron/Downloads/Neptune_2026/Microfluidics-Benchmarks/Results/LFR-TestCases/chthesis/rotary_cells/rotary_cells_fromLFR_PR.json
2026-05-06T20:01:20+00:00,chthesis/tdroplet.lfr,chthesis/tdroplet.lfr,tdroplet,1,0.689581,0.293464,0.001590,0.295054,0.295078,0.003094,0.298173,/home/cidar-ron/Downloads/Neptune_2026/Microfluidics-Benchmarks/Results/LFR-TestCases/chthesis/tdroplet/tdroplet_fromLFR_PR.json
2026-05-06T20:01:21+00:00,distribute-expressions/and_annotation_test.lfr,distribute-expressions/and_annotation_test.lfr,and_annotation_test,1,0.696135,0.229783,0.001311,0.231094,0.231114,0.001502,0.232616,/home/cidar-ron/Downloads/Neptune_2026/Microfluidics-Benchmarks/Results/LFR-TestCases/distribute-expressions/and_annotation_test/and_annotation_test_fromLFR_PR.json
2026-05-06T20:01:22+00:00,distribute-expressions/dist_expression1.lfr,distribute-expressions/dist_expression1.lfr,dist_expression1,1,0.700094,0.162426,0.001377,0.163803,0.163824,0.000687,0.164512,/home/cidar-ron/Downloads/Neptune_2026/Microfluidics-Benchmarks/Results/LFR-TestCases/distribute-expressions/dist_expression1/dist_expression1_fromLFR_PR.json
2026-05-06T20:01:23+00:00,distribute-expressions/dist_expression2.lfr,distribute-expressions/dist_expression2.lfr,dist_expression2,1,0.400086,0.173979,0.001565,0.175545,0.175573,0.000657,0.176230,/home/cidar-ron/Downloads/Neptune_2026/Microfluidics-Benchmarks/Results/LFR-TestCases/distribute-expressions/dist_expression2/dist_expression2_fromLFR_PR.json
2026-05-06T20:01:24+00:00,distribute-expressions/dist_expression3.lfr,distribute-expressions/dist_expression3.lfr,dist_expression3,1,0.400086,0.174906,0.001348,0.176254,0.176275,0.000579,0.176854,/home/cidar-ron/Downloads/Neptune_2026/Microfluidics-Benchmarks/Results/LFR-TestCases/distribute-expressions/dist_expression3/dist_expression3_fromLFR_PR.json
2026-05-06T20:01:25+00:00,distribute-library/cell_traps_4.lfr,distribute-library/cell_traps_4.lfr,cell_traps_4,1,0.700094,0.165581,0.001411,0.166993,0.167013,0.000673,0.167686,/home/cidar-ron/Downloads/Neptune_2026/Microfluidics-Benchmarks/Results/LFR-TestCases/distribute-library/cell_traps_4/cell_traps_4_fromLFR_PR.json
2026-05-06T20:01:26+00:00,distribute-library/hv_storage_grid_04.lfr,distribute-library/hv_storage_grid_04.lfr,hv_storage_grid_04,1,0.700094,0.158627,0.002308,0.160935,0.160971,0.001120,0.162090,/home/cidar-ron/Downloads/Neptune_2026/Microfluidics-Benchmarks/Results/LFR-TestCases/distribute-library/hv_storage_grid_04/hv_storage_grid_04_fromLFR_PR.json
2026-05-06T20:01:27+00:00,distribute-library/hv_storage_grid_08.lfr,distribute-library/hv_storage_grid_08.lfr,hv_storage_grid_08,1,0.700094,0.157857,0.001442,0.159300,0.159327,0.000697,0.160024,/home/cidar-ron/Downloads/Neptune_2026/Microfluidics-Benchmarks/Results/LFR-TestCases/distribute-library/hv_storage_grid_08/hv_storage_grid_08_fromLFR_PR.json
2026-05-06T20:01:28+00:00,distribute-library/hv_storage_grid_16.lfr,distribute-library/hv_storage_grid_16.lfr,hv_storage_grid_16,1,0.700094,0.176042,0.002052,0.178094,0.178126,0.000991,0.179117,/home/cidar-ron/Downloads/Neptune_2026/Microfluidics-Benchmarks/Results/LFR-TestCases/distribute-library/hv_storage_grid_16/hv_storage_grid_16_fromLFR_PR.json
2026-05-06T20:01:29+00:00,distribute-library/hv_storage_grid_32.lfr,distribute-library/hv_storage_grid_32.lfr,hv_storage_grid_32,1,0.700094,0.163329,0.001642,0.164971,0.164995,0.000871,0.165866,/home/cidar-ron/Downloads/Neptune_2026/Microfluidics-Benchmarks/Results/LFR-TestCases/distribute-library/hv_storage_grid_32/hv_storage_grid_32_fromLFR_PR.json
2026-05-06T20:01:30+00:00,distribute-library/hv_storage_grid_64.lfr,distribute-library/hv_storage_grid_64.lfr,hv_storage_grid_64,1,0.700094,0.157603,0.001423,0.159026,0.159049,0.000735,0.159784,/home/cidar-ron/Downloads/Neptune_2026/Microfluidics-Benchmarks/Results/LFR-TestCases/distribute-library/hv_storage_grid_64/hv_storage_grid_64_fromLFR_PR.json
2026-05-06T20:01:31+00:00,distribute-library/mux_02_in.lfr,distribute-library/mux_02_in.lfr,mux_02_in,1,0.696407,0.221021,0.001627,0.222648,0.222677,0.001782,0.224459,/home/cidar-ron/Downloads/Neptune_2026/Microfluidics-Benchmarks/Results/LFR-TestCases/distribute-library/mux_02_in/mux_02_in_fromLFR_PR.json
2026-05-06T20:01:32+00:00,distribute-library/mux_02_out.lfr,distribute-library/mux_02_out.lfr,mux_02_out,1,0.696407,0.212260,0.001411,0.213671,0.213692,0.001245,0.214938,/home/cidar-ron/Downloads/Neptune_2026/Microfluidics-Benchmarks/Results/LFR-TestCases/distribute-library/mux_02_out/mux_02_out_fromLFR_PR.json
2026-05-06T20:01:33+00:00,distribute-library/mux_04_in.lfr,distribute-library/mux_04_in.lfr,mux_04_in,1,0.696722,0.265581,0.001389,0.266970,0.266993,0.001824,0.268818,/home/cidar-ron/Downloads/Neptune_2026/Microfluidics-Benchmarks/Results/LFR-TestCases/distribute-library/mux_04_in/mux_04_in_fromLFR_PR.json
2026-05-06T20:01:34+00:00,distribute-library/mux_04_out.lfr,distribute-library/mux_04_out.lfr,mux_04_out,1,0.697434,0.244972,0.001417,0.246389,0.246411,0.001953,0.248364,/home/cidar-ron/Downloads/Neptune_2026/Microfluidics-Benchmarks/Results/LFR-TestCases/distribute-library/mux_04_out/mux_04_out_fromLFR_PR.json
2026-05-06T20:01:35+00:00,distribute-library/mux_08_in.lfr,distribute-library/mux_08_in.lfr,mux_08_in,1,0.698368,0.338820,0.001430,0.340250,0.340272,0.003202,0.343474,/home/cidar-ron/Downloads/Neptune_2026/Microfluidics-Benchmarks/Results/LFR-TestCases/distribute-library/mux_08_in/mux_08_in_fromLFR_PR.json
2026-05-06T20:01:36+00:00,distribute-library/mux_08_out.lfr,distribute-library/mux_08_out.lfr,mux_08_out,1,0.697508,0.358661,0.001404,0.360065,0.360087,0.003244,0.363331,/home/cidar-ron/Downloads/Neptune_2026/Microfluidics-Benchmarks/Results/LFR-TestCases/distribute-library/mux_08_out/mux_08_out_fromLFR_PR.json
2026-05-06T20:01:38+00:00,distribute-library/mux_16_in.lfr,distribute-library/mux_16_in.lfr,mux_16_in,1,0.698950,0.483223,0.001609,0.484832,0.484855,0.006472,0.491327,/home/cidar-ron/Downloads/Neptune_2026/Microfluidics-Benchmarks/Results/LFR-TestCases/distribute-library/mux_16_in/mux_16_in_fromLFR_PR.json
2026-05-06T20:01:39+00:00,distribute-library/mux_16_out.lfr,distribute-library/mux_16_out.lfr,mux_16_out,1,0.698838,0.472410,0.001429,0.473840,0.473861,0.005858,0.479719,/home/cidar-ron/Downloads/Neptune_2026/Microfluidics-Benchmarks/Results/LFR-TestCases/distribute-library/mux_16_out/mux_16_out_fromLFR_PR.json
2026-05-06T20:01:41+00:00,distribute-library/mux_32_in.lfr,distribute-library/mux_32_in.lfr,mux_32_in,1,0.699050,0.835158,0.001455,0.836613,0.836635,0.011699,0.848333,/home/cidar-ron/Downloads/Neptune_2026/Microfluidics-Benchmarks/Results/LFR-TestCases/distribute-library/mux_32_in/mux_32_in_fromLFR_PR.json
2026-05-06T20:01:42+00:00,distribute-library/mux_32_out.lfr,distribute-library/mux_32_out.lfr,mux_32_out,1,0.699095,0.807578,0.001404,0.808982,0.809003,0.011391,0.820394,/home/cidar-ron/Downloads/Neptune_2026/Microfluidics-Benchmarks/Results/LFR-TestCases/distribute-library/mux_32_out/mux_32_out_fromLFR_PR.json
2026-05-06T20:01:45+00:00,distribute-library/mux_64_in.lfr,distribute-library/mux_64_in.lfr,mux_64_in,1,0.699494,1.503529,0.001927,1.505456,1.505486,0.064423,1.569909,/home/cidar-ron/Downloads/Neptune_2026/Microfluidics-Benchmarks/Results/LFR-TestCases/distribute-library/mux_64_in/mux_64_in_fromLFR_PR.json
2026-05-06T20:01:47+00:00,distribute-library/mux_64_out.lfr,distribute-library/mux_64_out.lfr,mux_64_out,1,0.699689,1.462589,0.002988,1.465578,1.465609,0.061753,1.527362,/home/cidar-ron/Downloads/Neptune_2026/Microfluidics-Benchmarks/Results/LFR-TestCases/distribute-library/mux_64_out/mux_64_out_fromLFR_PR.json
2026-05-06T20:01:48+00:00,distribute-library/single_storage_grid_01.lfr,distribute-library/single_storage_grid_01.lfr,single_storage_grid_01,1,0.700094,0.156095,0.001486,0.157581,0.157605,0.000685,0.158290,/home/cidar-ron/Downloads/Neptune_2026/Microfluidics-Benchmarks/Results/LFR-TestCases/distribute-library/single_storage_grid_01/single_storage_grid_01_fromLFR_PR.json
2026-05-06T20:01:49+00:00,distribute-library/single_storage_grid_02.lfr,distribute-library/single_storage_grid_02.lfr,single_storage_grid_02,1,0.700094,0.191703,0.002055,0.193759,0.193794,0.001061,0.194855,/home/cidar-ron/Downloads/Neptune_2026/Microfluidics-Benchmarks/Results/LFR-TestCases/distribute-library/single_storage_grid_02/single_storage_grid_02_fromLFR_PR.json
2026-05-06T20:01:50+00:00,distribute-library/single_storage_grid_04.lfr,distribute-library/single_storage_grid_04.lfr,single_storage_grid_04,1,0.700094,0.149568,0.001354,0.150922,0.150946,0.000649,0.151594,/home/cidar-ron/Downloads/Neptune_2026/Microfluidics-Benchmarks/Results/LFR-TestCases/distribute-library/single_storage_grid_04/single_storage_grid_04_fromLFR_PR.json
2026-05-06T20:01:51+00:00,distribute-library/single_storage_grid_08.lfr,distribute-library/single_storage_grid_08.lfr,single_storage_grid_08,1,0.700094,0.164975,0.002030,0.167005,0.167036,0.000979,0.168014,/home/cidar-ron/Downloads/Neptune_2026/Microfluidics-Benchmarks/Results/LFR-TestCases/distribute-library/single_storage_grid_08/single_storage_grid_08_fromLFR_PR.json
2026-05-06T20:01:52+00:00,distribute-library/single_storage_grid_16.lfr,distribute-library/single_storage_grid_16.lfr,single_storage_grid_16,1,0.700094,0.153416,0.001619,0.155035,0.155062,0.000732,0.155794,/home/cidar-ron/Downloads/Neptune_2026/Microfluidics-Benchmarks/Results/LFR-TestCases/distribute-library/single_storage_grid_16/single_storage_grid_16_fromLFR_PR.json
2026-05-06T20:01:53+00:00,distribute-library/single_storage_grid_32.lfr,distribute-library/single_storage_grid_32.lfr,single_storage_grid_32,1,0.700094,0.177945,0.001526,0.179470,0.179494,0.000756,0.180250,/home/cidar-ron/Downloads/Neptune_2026/Microfluidics-Benchmarks/Results/LFR-TestCases/distribute-library/single_storage_grid_32/single_storage_grid_32_fromLFR_PR.json
2026-05-06T20:01:54+00:00,distribute-library/single_storage_grid_64.lfr,distribute-library/single_storage_grid_64.lfr,single_storage_grid_64,1,0.700094,0.155624,0.001670,0.157294,0.157320,0.000916,0.158236,/home/cidar-ron/Downloads/Neptune_2026/Microfluidics-Benchmarks/Results/LFR-TestCases/distribute-library/single_storage_grid_64/single_storage_grid_64_fromLFR_PR.json
2026-05-06T20:01:55+00:00,distribute-library/transposer_02.lfr,distribute-library/transposer_02.lfr,transposer_02,1,0.696391,0.280762,0.001771,0.282533,0.282560,0.002693,0.285253,/home/cidar-ron/Downloads/Neptune_2026/Microfluidics-Benchmarks/Results/LFR-TestCases/distribute-library/transposer_02/transposer_02_fromLFR_PR.json
2026-05-06T20:01:57+00:00,distribute-library/transposer_03.lfr,distribute-library/transposer_03.lfr,transposer_03,1,0.697220,0.301769,0.001588,0.303357,0.303384,0.003387,0.306770,/home/cidar-ron/Downloads/Neptune_2026/Microfluidics-Benchmarks/Results/LFR-TestCases/distribute-library/transposer_03/transposer_03_fromLFR_PR.json
2026-05-06T20:01:58+00:00,distribute-library/transposer_04.lfr,distribute-library/transposer_04.lfr,transposer_04,1,0.696981,0.377906,0.001459,0.379365,0.379388,0.003636,0.383024,/home/cidar-ron/Downloads/Neptune_2026/Microfluidics-Benchmarks/Results/LFR-TestCases/distribute-library/transposer_04/transposer_04_fromLFR_PR.json
2026-05-06T20:01:59+00:00,distribute-library/transposer_08.lfr,distribute-library/transposer_08.lfr,transposer_08,1,0.700094,0.158248,0.001405,0.159653,0.159675,0.000728,0.160403,/home/cidar-ron/Downloads/Neptune_2026/Microfluidics-Benchmarks/Results/LFR-TestCases/distribute-library/transposer_08/transposer_08_fromLFR_PR.json
2026-05-06T20:02:00+00:00,distribute-library/transposer_16.lfr,distribute-library/transposer_16.lfr,transposer_16,1,0.700094,0.154831,0.001420,0.156251,0.156273,0.000753,0.157027,/home/cidar-ron/Downloads/Neptune_2026/Microfluidics-Benchmarks/Results/LFR-TestCases/distribute-library/transposer_16/transposer_16_fromLFR_PR.json
2026-05-06T20:02:01+00:00,distribute-library/transposer_32.lfr,distribute-library/transposer_32.lfr,transposer_32,1,0.700094,0.153044,0.002448,0.155492,0.155530,0.001148,0.156679,/home/cidar-ron/Downloads/Neptune_2026/Microfluidics-Benchmarks/Results/LFR-TestCases/distribute-library/transposer_32/transposer_32_fromLFR_PR.json
2026-05-06T20:02:02+00:00,distribute-library/transposer_64.lfr,distribute-library/transposer_64.lfr,transposer_64,1,0.700094,0.158714,0.001562,0.160276,0.160304,0.000730,0.161034,/home/cidar-ron/Downloads/Neptune_2026/Microfluidics-Benchmarks/Results/LFR-TestCases/distribute-library/transposer_64/transposer_64_fromLFR_PR.json
2026-05-06T20:02:03+00:00,dropgen/dropletgenerator.lfr,dropgen/dropletgenerator.lfr,dropletgenerator,1,0.675864,0.168949,0.001334,0.170283,0.170304,0.000869,0.171172,/home/cidar-ron/Downloads/Neptune_2026/Microfluidics-Benchmarks/Results/LFR-TestCases/dropgen/dropletgenerator/dropletgenerator_fromLFR_PR.json
2026-05-06T20:02:04+00:00,dropgen/dropletgenerator2.lfr,dropgen/dropletgenerator2.lfr,dropletgenerator2,1,0.700064,0.211273,0.001461,0.212734,0.212757,0.001049,0.213806,/home/cidar-ron/Downloads/Neptune_2026/Microfluidics-Benchmarks/Results/LFR-TestCases/dropgen/dropletgenerator2/dropletgenerator2_fromLFR_PR.json
2026-05-06T20:02:05+00:00,dropgen/dropletgenerator3.lfr,dropgen/dropletgenerator3.lfr,dropletgenerator3,1,0.700060,0.216758,0.001605,0.218363,0.218388,0.001330,0.219717,/home/cidar-ron/Downloads/Neptune_2026/Microfluidics-Benchmarks/Results/LFR-TestCases/dropgen/dropletgenerator3/dropletgenerator3_fromLFR_PR.json
2026-05-06T20:02:06+00:00,dropgen/dropletgenerator4.lfr,dropgen/dropletgenerator4.lfr,dropletgenerator4,1,0.700068,0.195452,0.001538,0.196990,0.197014,0.001044,0.198058,/home/cidar-ron/Downloads/Neptune_2026/Microfluidics-Benchmarks/Results/LFR-TestCases/dropgen/dropletgenerator4/dropletgenerator4_fromLFR_PR.json
2026-05-06T20:02:07+00:00,dropx/dropx_test1.lfr,dropx/dropx_test1.lfr,dropx_test1,1,0.684827,0.206188,0.001572,0.207760,0.207786,0.001522,0.209308,/home/cidar-ron/Downloads/Neptune_2026/Microfluidics-Benchmarks/Results/LFR-TestCases/dropx/dropx_test1/dropx_test1_fromLFR_PR.json
2026-05-06T20:02:08+00:00,dropx/dropx_test2.lfr,dropx/dropx_test2.lfr,dropx_test2,1,0.686649,0.258405,0.001432,0.259837,0.259859,0.001864,0.261723,/home/cidar-ron/Downloads/Neptune_2026/Microfluidics-Benchmarks/Results/LFR-TestCases/dropx/dropx_test2/dropx_test2_fromLFR_PR.json
2026-05-06T20:02:09+00:00,dropx/dropx_test3.lfr,dropx/dropx_test3.lfr,dropx_test3,1,0.685479,0.253207,0.001600,0.254807,0.254831,0.002794,0.257625,/home/cidar-ron/Downloads/Neptune_2026/Microfluidics-Benchmarks/Results/LFR-TestCases/dropx/dropx_test3/dropx_test3_fromLFR_PR.json
2026-05-06T20:02:10+00:00,dropx/dropx_test4.lfr,dropx/dropx_test4.lfr,dropx_test4,1,0.676530,0.214908,0.001569,0.216477,0.216499,0.001725,0.218224,/home/cidar-ron/Downloads/Neptune_2026/Microfluidics-Benchmarks/Results/LFR-TestCases/dropx/dropx_test4/dropx_test4_fromLFR_PR.json
2026-05-06T20:02:11+00:00,dropx/dx1.lfr,dropx/dx1.lfr,dx1,1,0.683024,0.247219,0.001396,0.248615,0.248637,0.001932,0.250568,/home/cidar-ron/Downloads/Neptune_2026/Microfluidics-Benchmarks/Results/LFR-TestCases/dropx/dx1/dx1_fromLFR_PR.json
2026-05-06T20:02:12+00:00,dropx/dx10.lfr,dropx/dx10.lfr,dx10,1,0.688095,0.245764,0.001407,0.247171,0.247192,0.001723,0.248915,/home/cidar-ron/Downloads/Neptune_2026/Microfluidics-Benchmarks/Results/LFR-TestCases/dropx/dx10/dx10_fromLFR_PR.json
2026-05-06T20:02:13+00:00,dropx/dx11.lfr,dropx/dx11.lfr,dx11,1,0.684076,0.271252,0.001447,0.272699,0.272720,0.002656,0.275377,/home/cidar-ron/Downloads/Neptune_2026/Microfluidics-Benchmarks/Results/LFR-TestCases/dropx/dx11/dx11_fromLFR_PR.json
2026-05-06T20:02:14+00:00,dropx/dx12.lfr,dropx/dx12.lfr,dx12,1,0.684399,0.257042,0.001444,0.258486,0.258509,0.002184,0.260693,/home/cidar-ron/Downloads/Neptune_2026/Microfluidics-Benchmarks/Results/LFR-TestCases/dropx/dx12/dx12_fromLFR_PR.json
2026-05-06T20:02:16+00:00,dropx/dx13.lfr,dropx/dx13.lfr,dx13,1,0.682588,0.331643,0.001664,0.333307,0.333333,0.003523,0.336856,/home/cidar-ron/Downloads/Neptune_2026/Microfluidics-Benchmarks/Results/LFR-TestCases/dropx/dx13/dx13_fromLFR_PR.json
2026-05-06T20:02:17+00:00,dropx/dx14.lfr,dropx/dx14.lfr,dx14,1,0.670000,0.289959,0.001410,0.291369,0.291390,0.002837,0.294226,/home/cidar-ron/Downloads/Neptune_2026/Microfluidics-Benchmarks/Results/LFR-TestCases/dropx/dx14/dx14_fromLFR_PR.json
2026-05-06T20:02:18+00:00,dropx/dx15.lfr,dropx/dx15.lfr,dx15,1,0.660150,0.252082,0.001544,0.253626,0.253654,0.001685,0.255338,/home/cidar-ron/Downloads/Neptune_2026/Microfluidics-Benchmarks/Results/LFR-TestCases/dropx/dx15/dx15_fromLFR_PR.json
2026-05-06T20:02:19+00:00,dropx/dx2.lfr,dropx/dx2.lfr,dx2,1,0.685868,0.276938,0.001395,0.278333,0.278354,0.002323,0.280677,/home/cidar-ron/Downloads/Neptune_2026/Microfluidics-Benchmarks/Results/LFR-TestCases/dropx/dx2/dx2_fromLFR_PR.json
2026-05-06T20:02:20+00:00,dropx/dx3.lfr,dropx/dx3.lfr,dx3,1,0.677826,0.250353,0.001448,0.251801,0.251822,0.002024,0.253846,/home/cidar-ron/Downloads/Neptune_2026/Microfluidics-Benchmarks/Results/LFR-TestCases/dropx/dx3/dx3_fromLFR_PR.json
2026-05-06T20:02:21+00:00,dropx/dx4.lfr,dropx/dx4.lfr,dx4,1,0.687083,0.394800,0.001439,0.396238,0.396259,0.003498,0.399757,/home/cidar-ron/Downloads/Neptune_2026/Microfluidics-Benchmarks/Results/LFR-TestCases/dropx/dx4/dx4_fromLFR_PR.json
2026-05-06T20:02:22+00:00,dropx/dx5.lfr,dropx/dx5.lfr,dx5,1,0.682936,0.297436,0.001427,0.298863,0.298885,0.002647,0.301532,/home/cidar-ron/Downloads/Neptune_2026/Microfluidics-Benchmarks/Results/LFR-TestCases/dropx/dx5/dx5_fromLFR_PR.json
2026-05-06T20:02:23+00:00,dropx/dx6.lfr,dropx/dx6.lfr,dx6,1,0.668988,0.253608,0.001334,0.254942,0.254962,0.001680,0.256643,/home/cidar-ron/Downloads/Neptune_2026/Microfluidics-Benchmarks/Results/LFR-TestCases/dropx/dx6/dx6_fromLFR_PR.json
2026-05-06T20:02:24+00:00,dropx/dx7.lfr,dropx/dx7.lfr,dx7,1,0.685870,0.287843,0.001593,0.289436,0.289464,0.003353,0.292817,/home/cidar-ron/Downloads/Neptune_2026/Microfluidics-Benchmarks/Results/LFR-TestCases/dropx/dx7/dx7_fromLFR_PR.json
2026-05-06T20:02:26+00:00,dropx/dx8.lfr,dropx/dx8.lfr,dx8,1,0.685939,0.322954,0.001460,0.324414,0.324435,0.003400,0.327835,/home/cidar-ron/Downloads/Neptune_2026/Microfluidics-Benchmarks/Results/LFR-TestCases/dropx/dx8/dx8_fromLFR_PR.json
2026-05-06T20:02:27+00:00,dropx/dx9.lfr,dropx/dx9.lfr,dx9,1,0.691159,0.296411,0.001527,0.297939,0.297964,0.002782,0.300746,/home/cidar-ron/Downloads/Neptune_2026/Microfluidics-Benchmarks/Results/LFR-TestCases/dropx/dx9/dx9_fromLFR_PR.json
2026-05-06T20:02:28+00:00,ghissues/issue10.lfr,ghissues/issue10.lfr,issue10,1,0.400060,0.231079,0.001382,0.232460,0.232483,0.000842,0.233325,/home/cidar-ron/Downloads/Neptune_2026/Microfluidics-Benchmarks/Results/LFR-TestCases/ghissues/issue10/issue10_fromLFR_PR.json
2026-05-06T20:02:29+00:00,ghissues/issue15.lfr,ghissues/issue15.lfr,issue15,1,0.660150,0.248163,0.001439,0.249602,0.249626,0.001637,0.251263,/home/cidar-ron/Downloads/Neptune_2026/Microfluidics-Benchmarks/Results/LFR-TestCases/ghissues/issue15/issue15_fromLFR_PR.json
2026-05-06T20:02:30+00:00,ghissues/issue2.lfr,ghissues/issue2.lfr,issue2,1,0.700094,0.160043,0.001414,0.161457,0.161477,0.000736,0.162213,/home/cidar-ron/Downloads/Neptune_2026/Microfluidics-Benchmarks/Results/LFR-TestCases/ghissues/issue2/issue2_fromLFR_PR.json
2026-05-06T20:02:31+00:00,ghissues/issue3.lfr,ghissues/issue3.lfr,issue3,1,0.700060,0.210347,0.001406,0.211753,0.211774,0.000930,0.212704,/home/cidar-ron/Downloads/Neptune_2026/Microfluidics-Benchmarks/Results/LFR-TestCases/ghissues/issue3/issue3_fromLFR_PR.json
2026-05-06T20:02:32+00:00,ghissues/issue6.lfr,ghissues/issue6.lfr,issue6,1,0.676999,0.273428,0.001407,0.274835,0.274856,0.001194,0.276049,/home/cidar-ron/Downloads/Neptune_2026/Microfluidics-Benchmarks/Results/LFR-TestCases/ghissues/issue6/issue6_fromLFR_PR.json
2026-05-06T20:02:33+00:00,ghissues/issue7.lfr,ghissues/issue7.lfr,issue7,1,0.700048,0.221690,0.002326,0.224016,0.224041,0.002635,0.226675,/home/cidar-ron/Downloads/Neptune_2026/Microfluidics-Benchmarks/Results/LFR-TestCases/ghissues/issue7/issue7_fromLFR_PR.json
2026-05-06T20:02:34+00:00,ghissues/issue8.lfr,ghissues/issue8.lfr,issue8,1,0.687238,0.318501,0.001915,0.320416,0.320444,0.005002,0.325446,/home/cidar-ron/Downloads/Neptune_2026/Microfluidics-Benchmarks/Results/LFR-TestCases/ghissues/issue8/issue8_fromLFR_PR.json
2026-05-06T20:02:35+00:00,ghissues/issue9.lfr,ghissues/issue9.lfr,issue9,1,0.400334,0.302576,0.001508,0.304084,0.304110,0.001327,0.305437,/home/cidar-ron/Downloads/Neptune_2026/Microfluidics-Benchmarks/Results/LFR-TestCases/ghissues/issue9/issue9_fromLFR_PR.json
2026-05-06T20:02:37+00:00,hmlp/v0.lfr,hmlp/v0.lfr,v0,1,0.400046,0.260726,0.001337,0.262063,0.262083,0.001025,0.263108,/home/cidar-ron/Downloads/Neptune_2026/Microfluidics-Benchmarks/Results/LFR-TestCases/hmlp/v0/v0_fromLFR_PR.json
2026-05-06T20:02:38+00:00,mars/DNA_Digest.lfr,mars/DNA_Digest.lfr,DNA_Digest,1,0.689791,0.294127,0.001503,0.295630,0.295659,0.003268,0.298926,/home/cidar-ron/Downloads/Neptune_2026/Microfluidics-Benchmarks/Results/LFR-TestCases/mars/DNA_Digest/DNA_Digest_fromLFR_PR.json
2026-05-06T20:02:39+00:00,mars/antibiotic_resistance.lfr,mars/antibiotic_resistance.lfr,antibiotic_resistance,1,0.695431,0.239269,0.001476,0.240746,0.240769,0.002502,0.243271,/home/cidar-ron/Downloads/Neptune_2026/Microfluidics-Benchmarks/Results/LFR-TestCases/mars/antibiotic_resistance/antibiotic_resistance_fromLFR_PR.json
2026-05-06T20:02:40+00:00,mars/cell_lysis.lfr,mars/cell_lysis.lfr,cell_lysis,1,0.685779,0.254437,0.001474,0.255911,0.255935,0.001977,0.257913,/home/cidar-ron/Downloads/Neptune_2026/Microfluidics-Benchmarks/Results/LFR-TestCases/mars/cell_lysis/cell_lysis_fromLFR_PR.json
2026-05-06T20:02:41+00:00,mars/fluorescence.lfr,mars/fluorescence.lfr,fluorescence,1,0.689404,0.310701,0.001816,0.312517,0.312545,0.003447,0.315993,/home/cidar-ron/Downloads/Neptune_2026/Microfluidics-Benchmarks/Results/LFR-TestCases/mars/fluorescence/fluorescence_fromLFR_PR.json
2026-05-06T20:02:42+00:00,mars/ligation.lfr,mars/ligation.lfr,ligation,1,0.693439,0.372716,0.001395,0.374111,0.374132,0.004411,0.378543,/home/cidar-ron/Downloads/Neptune_2026/Microfluidics-Benchmarks/Results/LFR-TestCases/mars/ligation/ligation_fromLFR_PR.json
2026-05-06T20:02:43+00:00,mars/pcr.lfr,mars/pcr.lfr,pcr,1,0.678705,0.226062,0.001743,0.227806,0.227837,0.001350,0.229188,/home/cidar-ron/Downloads/Neptune_2026/Microfluidics-Benchmarks/Results/LFR-TestCases/mars/pcr/pcr_fromLFR_PR.json
2026-05-06T20:02:44+00:00,mars/sorting.lfr,mars/sorting.lfr,sorting,1,0.680036,0.196802,0.001439,0.198241,0.198266,0.000979,0.199245,/home/cidar-ron/Downloads/Neptune_2026/Microfluidics-Benchmarks/Results/LFR-TestCases/mars/sorting/sorting_fromLFR_PR.json
2026-05-06T20:02:45+00:00,mars/transformation.lfr,mars/transformation.lfr,transformation,1,0.687849,0.261691,0.001504,0.263196,0.263220,0.002083,0.265303,/home/cidar-ron/Downloads/Neptune_2026/Microfluidics-Benchmarks/Results/LFR-TestCases/mars/transformation/transformation_fromLFR_PR.json
2026-05-06T20:02:46+00:00,test/dropletx.lfr,test/dropletx.lfr,dropletx,1,0.681820,0.222267,0.001336,0.223603,0.223623,0.001327,0.224950,/home/cidar-ron/Downloads/Neptune_2026/Microfluidics-Benchmarks/Results/LFR-TestCases/test/dropletx/dropletx_fromLFR_PR.json
2026-05-06T20:02:47+00:00,test/expresstest.lfr,test/expresstest.lfr,expresstest,1,0.684800,0.202503,0.001531,0.204034,0.204062,0.001319,0.205380,/home/cidar-ron/Downloads/Neptune_2026/Microfluidics-Benchmarks/Results/LFR-TestCases/test/expresstest/expresstest_fromLFR_PR.json
2026-05-06T20:02:49+00:00,test/multi_input.lfr,test/multi_input.lfr,multi_input,1,0.690851,0.244124,0.001497,0.245621,0.245643,0.002253,0.247896,/home/cidar-ron/Downloads/Neptune_2026/Microfluidics-Benchmarks/Results/LFR-TestCases/test/multi_input/multi_input_fromLFR_PR.json
2026-05-06T20:02:50+00:00,test/ring.lfr,test/ring.lfr,ring,1,0.679026,0.192847,0.001535,0.194382,0.194409,0.001484,0.195893,/home/cidar-ron/Downloads/Neptune_2026/Microfluidics-Benchmarks/Results/LFR-TestCases/test/ring/ring_fromLFR_PR.json
