timestamp_iso,benchmark_label,input_mint_rel,mint_file_stem,success,overall_score,sec_mint_to_unplaced_json_s,sec_unplaced_json_to_pr_s,sec_wall_total_s,pr_json_path
2026-05-06T19:59:32+00:00,COVID/AJ_rtpcr_8primer.mint,COVID/AJ_rtpcr_8primer.mint,AJ_rtpcr_8primer,1,0.677879,0.094289,0.002016,0.096304,/home/cidar-ron/Downloads/Neptune_2026/Microfluidics-Benchmarks/Results/MINT-TestCases/COVID/AJ_rtpcr_8primer/AJ_rtpcr_8primer_fromMINT_PR.json
2026-05-06T19:59:33+00:00,COVID/ARIZE.mint,COVID/ARIZE.mint,ARIZE,1,0.689277,0.235009,0.003418,0.238427,/home/cidar-ron/Downloads/Neptune_2026/Microfluidics-Benchmarks/Results/MINT-TestCases/COVID/ARIZE/ARIZE_fromMINT_PR.json
2026-05-06T19:59:34+00:00,COVID/CRISPR.mint,COVID/CRISPR.mint,CRISPR,1,0.683644,0.160945,0.002006,0.162951,/home/cidar-ron/Downloads/Neptune_2026/Microfluidics-Benchmarks/Results/MINT-TestCases/COVID/CRISPR/CRISPR_fromMINT_PR.json
2026-05-06T19:59:35+00:00,COVID/DETECTR.mint,COVID/DETECTR.mint,DETECTR,1,0.692619,0.201525,0.003275,0.204800,/home/cidar-ron/Downloads/Neptune_2026/Microfluidics-Benchmarks/Results/MINT-TestCases/COVID/DETECTR/DETECTR_fromMINT_PR.json
2026-05-06T19:59:36+00:00,COVID/ELISALFR.mint,COVID/ELISALFR.mint,ELISALFR,1,0.687351,0.105878,0.002104,0.107982,/home/cidar-ron/Downloads/Neptune_2026/Microfluidics-Benchmarks/Results/MINT-TestCases/COVID/ELISALFR/ELISALFR_fromMINT_PR.json
2026-05-06T19:59:36+00:00,COVID/covid_crispr.mint,COVID/covid_crispr.mint,covid_crispr,1,0.682034,0.088128,0.001862,0.089991,/home/cidar-ron/Downloads/Neptune_2026/Microfluidics-Benchmarks/Results/MINT-TestCases/COVID/covid_crispr/covid_crispr_fromMINT_PR.json
2026-05-06T19:59:37+00:00,COVID/electro4.mint,COVID/electro4.mint,electro4,1,0.679191,0.094954,0.002185,0.097139,/home/cidar-ron/Downloads/Neptune_2026/Microfluidics-Benchmarks/Results/MINT-TestCases/COVID/electro4/electro4_fromMINT_PR.json
2026-05-06T19:59:38+00:00,COVID/hybri_detect.mint,COVID/hybri_detect.mint,hybri_detect,1,0.685116,0.139300,0.002054,0.141354,/home/cidar-ron/Downloads/Neptune_2026/Microfluidics-Benchmarks/Results/MINT-TestCases/COVID/hybri_detect/hybri_detect_fromMINT_PR.json
2026-05-06T19:59:39+00:00,COVID/part1_rna.mint,COVID/part1_rna.mint,part1_rna,1,0.686456,0.160743,0.001886,0.162629,/home/cidar-ron/Downloads/Neptune_2026/Microfluidics-Benchmarks/Results/MINT-TestCases/COVID/part1_rna/part1_rna_fromMINT_PR.json
2026-05-06T19:59:40+00:00,COVID/part2_lfr.mint,COVID/part2_lfr.mint,part2_lfr,1,0.687607,0.112393,0.001613,0.114006,/home/cidar-ron/Downloads/Neptune_2026/Microfluidics-Benchmarks/Results/MINT-TestCases/COVID/part2_lfr/part2_lfr_fromMINT_PR.json
2026-05-06T19:59:41+00:00,COVID/part3_gel.mint,COVID/part3_gel.mint,part3_gel,1,0.690140,0.106942,0.002009,0.108951,/home/cidar-ron/Downloads/Neptune_2026/Microfluidics-Benchmarks/Results/MINT-TestCases/COVID/part3_gel/part3_gel_fromMINT_PR.json
2026-05-06T19:59:42+00:00,COVID/rt_pcr.mint,COVID/rt_pcr.mint,rt_pcr,1,0.680671,0.105133,0.002083,0.107216,/home/cidar-ron/Downloads/Neptune_2026/Microfluidics-Benchmarks/Results/MINT-TestCases/COVID/rt_pcr/rt_pcr_fromMINT_PR.json
2026-05-06T19:59:43+00:00,Expressions/expression1.mint,Expressions/expression1.mint,expression1,1,0.677100,0.082740,0.001310,0.084051,/home/cidar-ron/Downloads/Neptune_2026/Microfluidics-Benchmarks/Results/MINT-TestCases/Expressions/expression1/expression1_fromMINT_PR.json
2026-05-06T19:59:44+00:00,Expressions/expression10.mint,Expressions/expression10.mint,expression10,1,0.677100,0.087009,0.001445,0.088454,/home/cidar-ron/Downloads/Neptune_2026/Microfluidics-Benchmarks/Results/MINT-TestCases/Expressions/expression10/expression10_fromMINT_PR.json
2026-05-06T19:59:45+00:00,Expressions/expression11.mint,Expressions/expression11.mint,expression11,1,0.682034,0.095451,0.001865,0.097316,/home/cidar-ron/Downloads/Neptune_2026/Microfluidics-Benchmarks/Results/MINT-TestCases/Expressions/expression11/expression11_fromMINT_PR.json
2026-05-06T19:59:46+00:00,Expressions/expression12.mint,Expressions/expression12.mint,expression12,1,0.698732,0.292660,0.003806,0.296466,/home/cidar-ron/Downloads/Neptune_2026/Microfluidics-Benchmarks/Results/MINT-TestCases/Expressions/expression12/expression12_fromMINT_PR.json
2026-05-06T19:59:47+00:00,Expressions/expression13.mint,Expressions/expression13.mint,expression13,1,0.677100,0.087827,0.001185,0.089012,/home/cidar-ron/Downloads/Neptune_2026/Microfluidics-Benchmarks/Results/MINT-TestCases/Expressions/expression13/expression13_fromMINT_PR.json
2026-05-06T19:59:48+00:00,Expressions/expression14.mint,Expressions/expression14.mint,expression14,1,0.682501,0.090816,0.001043,0.091859,/home/cidar-ron/Downloads/Neptune_2026/Microfluidics-Benchmarks/Results/MINT-TestCases/Expressions/expression14/expression14_fromMINT_PR.json
2026-05-06T19:59:49+00:00,Expressions/expression15.mint,Expressions/expression15.mint,expression15,1,0.680514,0.108933,0.001739,0.110671,/home/cidar-ron/Downloads/Neptune_2026/Microfluidics-Benchmarks/Results/MINT-TestCases/Expressions/expression15/expression15_fromMINT_PR.json
2026-05-06T19:59:50+00:00,Expressions/expression2.mint,Expressions/expression2.mint,expression2,1,0.677100,0.090092,0.001565,0.091657,/home/cidar-ron/Downloads/Neptune_2026/Microfluidics-Benchmarks/Results/MINT-TestCases/Expressions/expression2/expression2_fromMINT_PR.json
2026-05-06T19:59:50+00:00,Expressions/expression3.mint,Expressions/expression3.mint,expression3,1,0.685039,0.108897,0.001786,0.110683,/home/cidar-ron/Downloads/Neptune_2026/Microfluidics-Benchmarks/Results/MINT-TestCases/Expressions/expression3/expression3_fromMINT_PR.json
2026-05-06T19:59:51+00:00,Expressions/expression4.mint,Expressions/expression4.mint,expression4,1,0.682614,0.115624,0.001691,0.117315,/home/cidar-ron/Downloads/Neptune_2026/Microfluidics-Benchmarks/Results/MINT-TestCases/Expressions/expression4/expression4_fromMINT_PR.json
2026-05-06T19:59:52+00:00,Expressions/expression5.mint,Expressions/expression5.mint,expression5,1,0.682369,0.128447,0.002087,0.130534,/home/cidar-ron/Downloads/Neptune_2026/Microfluidics-Benchmarks/Results/MINT-TestCases/Expressions/expression5/expression5_fromMINT_PR.json
2026-05-06T19:59:53+00:00,Expressions/expression6.mint,Expressions/expression6.mint,expression6,1,0.688609,0.143692,0.002359,0.146051,/home/cidar-ron/Downloads/Neptune_2026/Microfluidics-Benchmarks/Results/MINT-TestCases/Expressions/expression6/expression6_fromMINT_PR.json
2026-05-06T19:59:54+00:00,Expressions/expression7.mint,Expressions/expression7.mint,expression7,1,0.696810,0.130068,0.001879,0.131948,/home/cidar-ron/Downloads/Neptune_2026/Microfluidics-Benchmarks/Results/MINT-TestCases/Expressions/expression7/expression7_fromMINT_PR.json
2026-05-06T19:59:55+00:00,Expressions/expression8.mint,Expressions/expression8.mint,expression8,1,0.697134,0.136080,0.001713,0.137793,/home/cidar-ron/Downloads/Neptune_2026/Microfluidics-Benchmarks/Results/MINT-TestCases/Expressions/expression8/expression8_fromMINT_PR.json
2026-05-06T19:59:56+00:00,Expressions/expression9.mint,Expressions/expression9.mint,expression9,1,0.677100,0.086137,0.001171,0.087308,/home/cidar-ron/Downloads/Neptune_2026/Microfluidics-Benchmarks/Results/MINT-TestCases/Expressions/expression9/expression9_fromMINT_PR.json
2026-05-06T19:59:57+00:00,GraphCoverage/cycle.mint,GraphCoverage/cycle.mint,cycle,1,0.676867,0.087679,0.001239,0.088918,/home/cidar-ron/Downloads/Neptune_2026/Microfluidics-Benchmarks/Results/MINT-TestCases/GraphCoverage/cycle/cycle_fromMINT_PR.json
2026-05-06T19:59:58+00:00,GraphCoverage/n_g_m_map.mint,GraphCoverage/n_g_m_map.mint,n_g_m_map,1,0.682501,0.085434,0.001121,0.086554,/home/cidar-ron/Downloads/Neptune_2026/Microfluidics-Benchmarks/Results/MINT-TestCases/GraphCoverage/n_g_m_map/n_g_m_map_fromMINT_PR.json
2026-05-06T19:59:59+00:00,GraphCoverage/n_l_m_map.mint,GraphCoverage/n_l_m_map.mint,n_l_m_map,1,0.682501,0.079002,0.001040,0.080042,/home/cidar-ron/Downloads/Neptune_2026/Microfluidics-Benchmarks/Results/MINT-TestCases/GraphCoverage/n_l_m_map/n_l_m_map_fromMINT_PR.json
2026-05-06T20:00:00+00:00,GraphCoverage/one_to_one.mint,GraphCoverage/one_to_one.mint,one_to_one,1,0.700094,0.074817,0.000844,0.075661,/home/cidar-ron/Downloads/Neptune_2026/Microfluidics-Benchmarks/Results/MINT-TestCases/GraphCoverage/one_to_one/one_to_one_fromMINT_PR.json
2026-05-06T20:00:01+00:00,GraphCoverage/tree_bus.mint,GraphCoverage/tree_bus.mint,tree_bus,1,0.700094,0.079308,0.001185,0.080493,/home/cidar-ron/Downloads/Neptune_2026/Microfluidics-Benchmarks/Results/MINT-TestCases/GraphCoverage/tree_bus/tree_bus_fromMINT_PR.json
2026-05-06T20:00:02+00:00,GraphCoverage/tree_fanin.mint,GraphCoverage/tree_fanin.mint,tree_fanin,1,0.700054,0.148452,0.001976,0.150429,/home/cidar-ron/Downloads/Neptune_2026/Microfluidics-Benchmarks/Results/MINT-TestCases/GraphCoverage/tree_fanin/tree_fanin_fromMINT_PR.json
2026-05-06T20:00:03+00:00,GraphCoverage/tree_fanout.mint,GraphCoverage/tree_fanout.mint,tree_fanout,1,0.700054,0.131045,0.002007,0.133052,/home/cidar-ron/Downloads/Neptune_2026/Microfluidics-Benchmarks/Results/MINT-TestCases/GraphCoverage/tree_fanout/tree_fanout_fromMINT_PR.json
2026-05-06T20:00:04+00:00,LiteratureBenchmarks/device1_scRNA_seq.mint,LiteratureBenchmarks/device1_scRNA_seq.mint,device1_scRNA_seq,1,0.697005,0.114624,0.002483,0.117107,/home/cidar-ron/Downloads/Neptune_2026/Microfluidics-Benchmarks/Results/MINT-TestCases/LiteratureBenchmarks/device1_scRNA_seq/device1_scRNA_seq_fromMINT_PR.json
2026-05-06T20:00:05+00:00,LiteratureBenchmarks/device2_artificial_cells.mint,LiteratureBenchmarks/device2_artificial_cells.mint,device2_artificial_cells,1,0.686714,0.251612,0.007903,0.259515,/home/cidar-ron/Downloads/Neptune_2026/Microfluidics-Benchmarks/Results/MINT-TestCases/LiteratureBenchmarks/device2_artificial_cells/device2_artificial_cells_fromMINT_PR.json
2026-05-06T20:00:06+00:00,LiteratureBenchmarks/device4_molecular_diagnostics.mint,LiteratureBenchmarks/device4_molecular_diagnostics.mint,device4_molecular_diagnostics,1,0.691096,0.116347,0.002053,0.118400,/home/cidar-ron/Downloads/Neptune_2026/Microfluidics-Benchmarks/Results/MINT-TestCases/LiteratureBenchmarks/device4_molecular_diagnostics/device4_molecular_diagnostics_fromMINT_PR.json
2026-05-06T20:00:07+00:00,LiteratureBenchmarks/device5_bacteria_diagnostics.mint,LiteratureBenchmarks/device5_bacteria_diagnostics.mint,device5_bacteria_diagnostics,1,0.645969,0.104940,0.002029,0.106969,/home/cidar-ron/Downloads/Neptune_2026/Microfluidics-Benchmarks/Results/MINT-TestCases/LiteratureBenchmarks/device5_bacteria_diagnostics/device5_bacteria_diagnostics_fromMINT_PR.json
2026-05-06T20:00:08+00:00,LiteratureBenchmarks/device6_organic_chemical_synthesis.mint,LiteratureBenchmarks/device6_organic_chemical_synthesis.mint,device6_organic_chemical_synthesis,1,0.699555,0.326893,0.011081,0.337974,/home/cidar-ron/Downloads/Neptune_2026/Microfluidics-Benchmarks/Results/MINT-TestCases/LiteratureBenchmarks/device6_organic_chemical_synthesis/device6_organic_chemical_synthesis_fromMINT_PR.json
2026-05-06T20:00:09+00:00,ParserTest/declarations.mint,ParserTest/declarations.mint,declarations,1,0.400094,0.071076,0.000771,0.071847,/home/cidar-ron/Downloads/Neptune_2026/Microfluidics-Benchmarks/Results/MINT-TestCases/ParserTest/declarations/declarations_fromMINT_PR.json
2026-05-06T20:00:10+00:00,ParserTest/pumpstat.mint,ParserTest/pumpstat.mint,pumpstat,1,0.682501,0.077763,0.001219,0.078983,/home/cidar-ron/Downloads/Neptune_2026/Microfluidics-Benchmarks/Results/MINT-TestCases/ParserTest/pumpstat/pumpstat_fromMINT_PR.json
2026-05-06T20:00:11+00:00,Protocols/MARS/cell_lysis.mint,Protocols/MARS/cell_lysis.mint,cell_lysis,1,0.690157,0.160791,0.002075,0.162866,/home/cidar-ron/Downloads/Neptune_2026/Microfluidics-Benchmarks/Results/MINT-TestCases/Protocols/MARS/cell_lysis/cell_lysis_fromMINT_PR.json
2026-05-06T20:00:12+00:00,Protocols/MARS/cell_sorting.mint,Protocols/MARS/cell_sorting.mint,cell_sorting,1,0.677100,0.084619,0.001614,0.086233,/home/cidar-ron/Downloads/Neptune_2026/Microfluidics-Benchmarks/Results/MINT-TestCases/Protocols/MARS/cell_sorting/cell_sorting_fromMINT_PR.json
2026-05-06T20:00:12+00:00,Protocols/MARS/dna_digest.mint,Protocols/MARS/dna_digest.mint,dna_digest,1,0.677100,0.079375,0.001174,0.080550,/home/cidar-ron/Downloads/Neptune_2026/Microfluidics-Benchmarks/Results/MINT-TestCases/Protocols/MARS/dna_digest/dna_digest_fromMINT_PR.json
2026-05-06T20:00:13+00:00,Protocols/MARS/fluorescence.mint,Protocols/MARS/fluorescence.mint,fluorescence,1,0.677100,0.081045,0.001144,0.082189,/home/cidar-ron/Downloads/Neptune_2026/Microfluidics-Benchmarks/Results/MINT-TestCases/Protocols/MARS/fluorescence/fluorescence_fromMINT_PR.json
2026-05-06T20:00:14+00:00,Protocols/MARS/ligation.mint,Protocols/MARS/ligation.mint,ligation,1,0.679191,0.121839,0.002906,0.124744,/home/cidar-ron/Downloads/Neptune_2026/Microfluidics-Benchmarks/Results/MINT-TestCases/Protocols/MARS/ligation/ligation_fromMINT_PR.json
2026-05-06T20:00:15+00:00,Protocols/MARS/pcr.mint,Protocols/MARS/pcr.mint,pcr,1,0.680969,0.088570,0.001024,0.089594,/home/cidar-ron/Downloads/Neptune_2026/Microfluidics-Benchmarks/Results/MINT-TestCases/Protocols/MARS/pcr/pcr_fromMINT_PR.json
2026-05-06T20:00:16+00:00,Protocols/MARS/transformation.mint,Protocols/MARS/transformation.mint,transformation,1,0.677100,0.088915,0.001234,0.090149,/home/cidar-ron/Downloads/Neptune_2026/Microfluidics-Benchmarks/Results/MINT-TestCases/Protocols/MARS/transformation/transformation_fromMINT_PR.json
2026-05-06T20:00:17+00:00,Protocols/directed_evolution.mint,Protocols/directed_evolution.mint,directed_evolution,1,0.683915,0.128321,0.002114,0.130435,/home/cidar-ron/Downloads/Neptune_2026/Microfluidics-Benchmarks/Results/MINT-TestCases/Protocols/directed_evolution/directed_evolution_fromMINT_PR.json
2026-05-06T20:00:18+00:00,Ryuichi's designs/MFD005chip.mint,Ryuichi's designs/MFD005chip.mint,MFD005chip,1,0.677879,0.077211,0.001929,0.079140,/home/cidar-ron/Downloads/Neptune_2026/Microfluidics-Benchmarks/Results/MINT-TestCases/Ryuichi's designs/MFD005chip/MFD005chip_fromMINT_PR.json
2026-05-06T20:00:19+00:00,Ryuichi's designs/chemostat_chip.mint,Ryuichi's designs/chemostat_chip.mint,chemostat_chip,1,0.679191,0.069913,0.002208,0.072120,/home/cidar-ron/Downloads/Neptune_2026/Microfluidics-Benchmarks/Results/MINT-TestCases/Ryuichi's designs/chemostat_chip/chemostat_chip_fromMINT_PR.json
2026-05-06T20:00:20+00:00,Ryuichi's designs/dnasynthesizer.mint,Ryuichi's designs/dnasynthesizer.mint,dnasynthesizer,1,0.677100,0.057721,0.001117,0.058838,/home/cidar-ron/Downloads/Neptune_2026/Microfluidics-Benchmarks/Results/MINT-TestCases/Ryuichi's designs/dnasynthesizer/dnasynthesizer_fromMINT_PR.json
2026-05-06T20:00:21+00:00,Ryuichi's designs/genetic_clock_testing_tool.mint,Ryuichi's designs/genetic_clock_testing_tool.mint,genetic_clock_testing_tool,1,0.676205,0.130682,0.002285,0.132967,/home/cidar-ron/Downloads/Neptune_2026/Microfluidics-Benchmarks/Results/MINT-TestCases/Ryuichi's designs/genetic_clock_testing_tool/genetic_clock_testing_tool_fromMINT_PR.json
2026-05-06T20:00:22+00:00,Ryuichi's designs/glycoform.mint,Ryuichi's designs/glycoform.mint,glycoform,1,0.700064,0.106388,0.002005,0.108392,/home/cidar-ron/Downloads/Neptune_2026/Microfluidics-Benchmarks/Results/MINT-TestCases/Ryuichi's designs/glycoform/glycoform_fromMINT_PR.json
2026-05-06T20:00:23+00:00,Ryuichi's designs/gradient.mint,Ryuichi's designs/gradient.mint,gradient,1,0.676867,0.075171,0.001935,0.077107,/home/cidar-ron/Downloads/Neptune_2026/Microfluidics-Benchmarks/Results/MINT-TestCases/Ryuichi's designs/gradient/gradient_fromMINT_PR.json
2026-05-06T20:00:23+00:00,Ryuichi's designs/incubator.mint,Ryuichi's designs/incubator.mint,incubator,1,0.682890,0.096602,0.001962,0.098564,/home/cidar-ron/Downloads/Neptune_2026/Microfluidics-Benchmarks/Results/MINT-TestCases/Ryuichi's designs/incubator/incubator_fromMINT_PR.json
2026-05-06T20:00:25+00:00,Ryuichi's designs/inlet16.mint,Ryuichi's designs/inlet16.mint,inlet16,1,0.695124,0.269210,0.006265,0.275475,/home/cidar-ron/Downloads/Neptune_2026/Microfluidics-Benchmarks/Results/MINT-TestCases/Ryuichi's designs/inlet16/inlet16_fromMINT_PR.json
2026-05-06T20:00:26+00:00,Ryuichi's designs/kinetics.mint,Ryuichi's designs/kinetics.mint,kinetics,1,0.684221,0.082489,0.002022,0.084511,/home/cidar-ron/Downloads/Neptune_2026/Microfluidics-Benchmarks/Results/MINT-TestCases/Ryuichi's designs/kinetics/kinetics_fromMINT_PR.json
2026-05-06T20:00:27+00:00,Ryuichi's designs/microalgal_bioassay.mint,Ryuichi's designs/microalgal_bioassay.mint,microalgal_bioassay,1,0.692224,0.140816,0.003532,0.144348,/home/cidar-ron/Downloads/Neptune_2026/Microfluidics-Benchmarks/Results/MINT-TestCases/Ryuichi's designs/microalgal_bioassay/microalgal_bioassay_fromMINT_PR.json
2026-05-06T20:00:27+00:00,Ryuichi's designs/microdroplet.mint,Ryuichi's designs/microdroplet.mint,microdroplet,1,0.683915,0.108303,0.002164,0.110466,/home/cidar-ron/Downloads/Neptune_2026/Microfluidics-Benchmarks/Results/MINT-TestCases/Ryuichi's designs/microdroplet/microdroplet_fromMINT_PR.json
2026-05-06T20:00:28+00:00,Ryuichi's designs/microreactor.mint,Ryuichi's designs/microreactor.mint,microreactor,1,0.682179,0.111852,0.002289,0.114140,/home/cidar-ron/Downloads/Neptune_2026/Microfluidics-Benchmarks/Results/MINT-TestCases/Ryuichi's designs/microreactor/microreactor_fromMINT_PR.json
2026-05-06T20:00:29+00:00,Ryuichi's designs/mux96chambers.mint,Ryuichi's designs/mux96chambers.mint,mux96chambers,1,0.682501,0.059980,0.001089,0.061069,/home/cidar-ron/Downloads/Neptune_2026/Microfluidics-Benchmarks/Results/MINT-TestCases/Ryuichi's designs/mux96chambers/mux96chambers_fromMINT_PR.json
2026-05-06T20:00:31+00:00,Ryuichi's designs/nine_to_one_mux.mint,Ryuichi's designs/nine_to_one_mux.mint,nine_to_one_mux,1,0.698956,0.393758,0.005372,0.399130,/home/cidar-ron/Downloads/Neptune_2026/Microfluidics-Benchmarks/Results/MINT-TestCases/Ryuichi's designs/nine_to_one_mux/nine_to_one_mux_fromMINT_PR.json
2026-05-06T20:00:32+00:00,Ryuichi's designs/olfactory.mint,Ryuichi's designs/olfactory.mint,olfactory,1,0.680514,0.082375,0.001669,0.084044,/home/cidar-ron/Downloads/Neptune_2026/Microfluidics-Benchmarks/Results/MINT-TestCases/Ryuichi's designs/olfactory/olfactory_fromMINT_PR.json
2026-05-06T20:00:33+00:00,Ryuichi's designs/pre_processor_dump.mint,Ryuichi's designs/pre_processor_dump.mint,pre_processor_dump,1,0.685670,0.118483,0.003086,0.121569,/home/cidar-ron/Downloads/Neptune_2026/Microfluidics-Benchmarks/Results/MINT-TestCases/Ryuichi's designs/pre_processor_dump/pre_processor_dump_fromMINT_PR.json
2026-05-06T20:00:34+00:00,Ryuichi's designs/rootchip.mint,Ryuichi's designs/rootchip.mint,rootchip,1,0.677100,0.062798,0.001250,0.064048,/home/cidar-ron/Downloads/Neptune_2026/Microfluidics-Benchmarks/Results/MINT-TestCases/Ryuichi's designs/rootchip/rootchip_fromMINT_PR.json
2026-05-06T20:00:34+00:00,Ryuichi's designs/seeding.mint,Ryuichi's designs/seeding.mint,seeding,1,0.677879,0.080610,0.002563,0.083173,/home/cidar-ron/Downloads/Neptune_2026/Microfluidics-Benchmarks/Results/MINT-TestCases/Ryuichi's designs/seeding/seeding_fromMINT_PR.json
2026-05-06T20:00:35+00:00,TechnologyMapping/cycle.mint,TechnologyMapping/cycle.mint,cycle,1,0.676867,0.100253,0.001378,0.101631,/home/cidar-ron/Downloads/Neptune_2026/Microfluidics-Benchmarks/Results/MINT-TestCases/TechnologyMapping/cycle/cycle_fromMINT_PR.json
2026-05-06T20:00:36+00:00,TechnologyMapping/instance_mapping.mint,TechnologyMapping/instance_mapping.mint,instance_mapping,1,0.672391,0.090006,0.001043,0.091050,/home/cidar-ron/Downloads/Neptune_2026/Microfluidics-Benchmarks/Results/MINT-TestCases/TechnologyMapping/instance_mapping/instance_mapping_fromMINT_PR.json
2026-05-06T20:00:37+00:00,TechnologyMapping/n_g_m_map.mint,TechnologyMapping/n_g_m_map.mint,n_g_m_map,1,0.682501,0.082077,0.001146,0.083223,/home/cidar-ron/Downloads/Neptune_2026/Microfluidics-Benchmarks/Results/MINT-TestCases/TechnologyMapping/n_g_m_map/n_g_m_map_fromMINT_PR.json
2026-05-06T20:00:38+00:00,TechnologyMapping/n_l_m_map.mint,TechnologyMapping/n_l_m_map.mint,n_l_m_map,1,0.682501,0.085175,0.001041,0.086216,/home/cidar-ron/Downloads/Neptune_2026/Microfluidics-Benchmarks/Results/MINT-TestCases/TechnologyMapping/n_l_m_map/n_l_m_map_fromMINT_PR.json
2026-05-06T20:00:39+00:00,TechnologyMapping/one_to_one_mapping.mint,TechnologyMapping/one_to_one_mapping.mint,one_to_one_mapping,1,0.672391,0.082841,0.001072,0.083914,/home/cidar-ron/Downloads/Neptune_2026/Microfluidics-Benchmarks/Results/MINT-TestCases/TechnologyMapping/one_to_one_mapping/one_to_one_mapping_fromMINT_PR.json
2026-05-06T20:00:40+00:00,TechnologyMapping/tree_bus.mint,TechnologyMapping/tree_bus.mint,tree_bus,1,0.690044,0.158617,0.003172,0.161789,/home/cidar-ron/Downloads/Neptune_2026/Microfluidics-Benchmarks/Results/MINT-TestCases/TechnologyMapping/tree_bus/tree_bus_fromMINT_PR.json
2026-05-06T20:00:41+00:00,TechnologyMapping/tree_fanin_mapping.mint,TechnologyMapping/tree_fanin_mapping.mint,tree_fanin_mapping,1,0.682501,0.097005,0.001016,0.098021,/home/cidar-ron/Downloads/Neptune_2026/Microfluidics-Benchmarks/Results/MINT-TestCases/TechnologyMapping/tree_fanin_mapping/tree_fanin_mapping_fromMINT_PR.json
2026-05-06T20:00:42+00:00,TechnologyMapping/tree_fanout_mapping.mint,TechnologyMapping/tree_fanout_mapping.mint,tree_fanout_mapping,1,0.682501,0.083823,0.001084,0.084907,/home/cidar-ron/Downloads/Neptune_2026/Microfluidics-Benchmarks/Results/MINT-TestCases/TechnologyMapping/tree_fanout_mapping/tree_fanout_mapping_fromMINT_PR.json
2026-05-06T20:00:43+00:00,TechnologyMapping/tree_fanout_mapping2.mint,TechnologyMapping/tree_fanout_mapping2.mint,tree_fanout_mapping2,1,0.682501,0.078913,0.001045,0.079959,/home/cidar-ron/Downloads/Neptune_2026/Microfluidics-Benchmarks/Results/MINT-TestCases/TechnologyMapping/tree_fanout_mapping2/tree_fanout_mapping2_fromMINT_PR.json
2026-05-06T20:00:44+00:00,TechnologyMapping/tree_fanout_mapping3.mint,TechnologyMapping/tree_fanout_mapping3.mint,tree_fanout_mapping3,1,0.682501,0.080487,0.001031,0.081518,/home/cidar-ron/Downloads/Neptune_2026/Microfluidics-Benchmarks/Results/MINT-TestCases/TechnologyMapping/tree_fanout_mapping3/tree_fanout_mapping3_fromMINT_PR.json
2026-05-06T20:00:45+00:00,TechnologyMapping/tree_storage_bus_mapping.mint,TechnologyMapping/tree_storage_bus_mapping.mint,tree_storage_bus_mapping,1,0.682501,0.100864,0.001372,0.102236,/home/cidar-ron/Downloads/Neptune_2026/Microfluidics-Benchmarks/Results/MINT-TestCases/TechnologyMapping/tree_storage_bus_mapping/tree_storage_bus_mapping_fromMINT_PR.json
2026-05-06T20:00:46+00:00,Transport Networks/distribute_network_examples.mint,Transport Networks/distribute_network_examples.mint,distribute_network_examples,1,0.687191,0.110374,0.002385,0.112759,/home/cidar-ron/Downloads/Neptune_2026/Microfluidics-Benchmarks/Results/MINT-TestCases/Transport Networks/distribute_network_examples/distribute_network_examples_fromMINT_PR.json
2026-05-06T20:00:47+00:00,Transport Networks/one_to_8.mint,Transport Networks/one_to_8.mint,one_to_8,1,0.688245,0.117849,0.002070,0.119919,/home/cidar-ron/Downloads/Neptune_2026/Microfluidics-Benchmarks/Results/MINT-TestCases/Transport Networks/one_to_8/one_to_8_fromMINT_PR.json
2026-05-06T20:00:48+00:00,Transport Networks/one_to_one.mint,Transport Networks/one_to_one.mint,one_to_one,1,0.677100,0.063579,0.001587,0.065166,/home/cidar-ron/Downloads/Neptune_2026/Microfluidics-Benchmarks/Results/MINT-TestCases/Transport Networks/one_to_one/one_to_one_fromMINT_PR.json
2026-05-06T20:00:49+00:00,base/grad_gen_h.mint,base/grad_gen_h.mint,grad_gen_h,1,0.704806,0.172625,0.002417,0.175042,/home/cidar-ron/Downloads/Neptune_2026/Microfluidics-Benchmarks/Results/MINT-TestCases/base/grad_gen_h/grad_gen_h_fromMINT_PR.json
2026-05-06T20:00:50+00:00,base/grad_gen_v.mint,base/grad_gen_v.mint,grad_gen_v,1,0.704897,0.204425,0.002404,0.206829,/home/cidar-ron/Downloads/Neptune_2026/Microfluidics-Benchmarks/Results/MINT-TestCases/base/grad_gen_v/grad_gen_v_fromMINT_PR.json
2026-05-06T20:00:51+00:00,base/grid_4_mixer.mint,base/grid_4_mixer.mint,grid_4_mixer,1,0.628058,0.536827,0.010669,0.547497,/home/cidar-ron/Downloads/Neptune_2026/Microfluidics-Benchmarks/Results/MINT-TestCases/base/grid_4_mixer/grid_4_mixer_fromMINT_PR.json
2026-05-06T20:00:52+00:00,base/hmux01.mint,base/hmux01.mint,hmux01,1,0.673439,0.198859,0.002942,0.201801,/home/cidar-ron/Downloads/Neptune_2026/Microfluidics-Benchmarks/Results/MINT-TestCases/base/hmux01/hmux01_fromMINT_PR.json
2026-05-06T20:00:53+00:00,base/logic_test_01.mint,base/logic_test_01.mint,logic_test_01,1,0.426936,0.125805,0.000945,0.126750,/home/cidar-ron/Downloads/Neptune_2026/Microfluidics-Benchmarks/Results/MINT-TestCases/base/logic_test_01/logic_test_01_fromMINT_PR.json
2026-05-06T20:00:54+00:00,base/logic_test_02.mint,base/logic_test_02.mint,logic_test_02,1,0.680207,0.363257,0.006640,0.369896,/home/cidar-ron/Downloads/Neptune_2026/Microfluidics-Benchmarks/Results/MINT-TestCases/base/logic_test_02/logic_test_02_fromMINT_PR.json
2026-05-06T20:00:55+00:00,base/logic_test_03.mint,base/logic_test_03.mint,logic_test_03,1,0.682739,0.225382,0.006191,0.231573,/home/cidar-ron/Downloads/Neptune_2026/Microfluidics-Benchmarks/Results/MINT-TestCases/base/logic_test_03/logic_test_03_fromMINT_PR.json
2026-05-06T20:00:56+00:00,base/mux8.mint,base/mux8.mint,mux8,1,0.664318,0.202881,0.003536,0.206417,/home/cidar-ron/Downloads/Neptune_2026/Microfluidics-Benchmarks/Results/MINT-TestCases/base/mux8/mux8_fromMINT_PR.json
2026-05-06T20:00:57+00:00,base/net_multi_test.mint,base/net_multi_test.mint,net_multi_test,1,0.645192,0.141181,0.001933,0.143115,/home/cidar-ron/Downloads/Neptune_2026/Microfluidics-Benchmarks/Results/MINT-TestCases/base/net_multi_test/net_multi_test_fromMINT_PR.json
2026-05-06T20:00:58+00:00,base/net_test.mint,base/net_test.mint,net_test,1,0.608243,0.122214,0.001447,0.123661,/home/cidar-ron/Downloads/Neptune_2026/Microfluidics-Benchmarks/Results/MINT-TestCases/base/net_test/net_test_fromMINT_PR.json
2026-05-06T20:00:59+00:00,base/net_valve_test.mint,base/net_valve_test.mint,net_valve_test,1,0.637926,0.302998,0.004409,0.307406,/home/cidar-ron/Downloads/Neptune_2026/Microfluidics-Benchmarks/Results/MINT-TestCases/base/net_valve_test/net_valve_test_fromMINT_PR.json
2026-05-06T20:01:00+00:00,base/node_test_01.mint,base/node_test_01.mint,node_test_01,1,0.710916,0.179450,0.002366,0.181816,/home/cidar-ron/Downloads/Neptune_2026/Microfluidics-Benchmarks/Results/MINT-TestCases/base/node_test_01/node_test_01_fromMINT_PR.json
2026-05-06T20:01:01+00:00,base/nonplanar.mint,base/nonplanar.mint,nonplanar,1,0.700027,0.093246,0.003411,0.096657,/home/cidar-ron/Downloads/Neptune_2026/Microfluidics-Benchmarks/Results/MINT-TestCases/base/nonplanar/nonplanar_fromMINT_PR.json
2026-05-06T20:01:02+00:00,base/port_multi_connection.mint,base/port_multi_connection.mint,port_multi_connection,1,0.677969,0.079699,0.001292,0.080991,/home/cidar-ron/Downloads/Neptune_2026/Microfluidics-Benchmarks/Results/MINT-TestCases/base/port_multi_connection/port_multi_connection_fromMINT_PR.json
2026-05-06T20:01:03+00:00,base/portbank01.mint,base/portbank01.mint,portbank01,1,0.400001,0.173261,0.001867,0.175128,/home/cidar-ron/Downloads/Neptune_2026/Microfluidics-Benchmarks/Results/MINT-TestCases/base/portbank01/portbank01_fromMINT_PR.json
2026-05-06T20:01:04+00:00,base/super_mux_01.mint,base/super_mux_01.mint,super_mux_01,1,0.697350,0.281721,0.009179,0.290900,/home/cidar-ron/Downloads/Neptune_2026/Microfluidics-Benchmarks/Results/MINT-TestCases/base/super_mux_01/super_mux_01_fromMINT_PR.json
2026-05-06T20:01:05+00:00,base/super_mux_03.mint,base/super_mux_03.mint,super_mux_03,1,0.699918,0.242689,0.007619,0.250308,/home/cidar-ron/Downloads/Neptune_2026/Microfluidics-Benchmarks/Results/MINT-TestCases/base/super_mux_03/super_mux_03_fromMINT_PR.json
2026-05-06T20:01:06+00:00,base/test.mint,base/test.mint,test,1,0.700002,0.075460,0.000989,0.076449,/home/cidar-ron/Downloads/Neptune_2026/Microfluidics-Benchmarks/Results/MINT-TestCases/base/test/test_fromMINT_PR.json
2026-05-06T20:01:07+00:00,base/test01.mint,base/test01.mint,test01,1,0.660738,0.133733,0.002232,0.135965,/home/cidar-ron/Downloads/Neptune_2026/Microfluidics-Benchmarks/Results/MINT-TestCases/base/test01/test01_fromMINT_PR.json
2026-05-06T20:01:08+00:00,base/test02.mint,base/test02.mint,test02,1,0.692523,0.163739,0.002307,0.166046,/home/cidar-ron/Downloads/Neptune_2026/Microfluidics-Benchmarks/Results/MINT-TestCases/base/test02/test02_fromMINT_PR.json
2026-05-06T20:01:09+00:00,base/test03.mint,base/test03.mint,test03,1,0.660738,0.132024,0.001859,0.133882,/home/cidar-ron/Downloads/Neptune_2026/Microfluidics-Benchmarks/Results/MINT-TestCases/base/test03/test03_fromMINT_PR.json
2026-05-06T20:01:10+00:00,base/test04.mint,base/test04.mint,test04,1,0.660738,0.142316,0.002428,0.144744,/home/cidar-ron/Downloads/Neptune_2026/Microfluidics-Benchmarks/Results/MINT-TestCases/base/test04/test04_fromMINT_PR.json
2026-05-06T20:01:11+00:00,base/test05.mint,base/test05.mint,test05,1,0.698788,0.101389,0.001034,0.102423,/home/cidar-ron/Downloads/Neptune_2026/Microfluidics-Benchmarks/Results/MINT-TestCases/base/test05/test05_fromMINT_PR.json
2026-05-06T20:01:12+00:00,base/test06.mint,base/test06.mint,test06,1,0.698750,0.154832,0.001912,0.156744,/home/cidar-ron/Downloads/Neptune_2026/Microfluidics-Benchmarks/Results/MINT-TestCases/base/test06/test06_fromMINT_PR.json
2026-05-06T20:01:13+00:00,base/test_chambers.mint,base/test_chambers.mint,test_chambers,1,0.694195,0.343387,0.005010,0.348397,/home/cidar-ron/Downloads/Neptune_2026/Microfluidics-Benchmarks/Results/MINT-TestCases/base/test_chambers/test_chambers_fromMINT_PR.json
2026-05-06T20:01:14+00:00,base/test_mux_01.mint,base/test_mux_01.mint,test_mux_01,1,0.699708,0.321600,0.003643,0.325243,/home/cidar-ron/Downloads/Neptune_2026/Microfluidics-Benchmarks/Results/MINT-TestCases/base/test_mux_01/test_mux_01_fromMINT_PR.json
2026-05-06T20:01:15+00:00,base/test_mux_02.mint,base/test_mux_02.mint,test_mux_02,1,0.699546,0.138724,0.003136,0.141861,/home/cidar-ron/Downloads/Neptune_2026/Microfluidics-Benchmarks/Results/MINT-TestCases/base/test_mux_02/test_mux_02_fromMINT_PR.json
2026-05-06T20:01:16+00:00,base/transposer.mint,base/transposer.mint,transposer,1,0.406576,0.165106,0.000770,0.165876,/home/cidar-ron/Downloads/Neptune_2026/Microfluidics-Benchmarks/Results/MINT-TestCases/base/transposer/transposer_fromMINT_PR.json
2026-05-06T20:01:17+00:00,base/transposer_test.mint,base/transposer_test.mint,transposer_test,1,0.636598,0.204751,0.002956,0.207707,/home/cidar-ron/Downloads/Neptune_2026/Microfluidics-Benchmarks/Results/MINT-TestCases/base/transposer_test/transposer_test_fromMINT_PR.json
2026-05-06T20:01:18+00:00,base/tree_test_01.mint,base/tree_test_01.mint,tree_test_01,1,0.690777,0.237768,0.003696,0.241464,/home/cidar-ron/Downloads/Neptune_2026/Microfluidics-Benchmarks/Results/MINT-TestCases/base/tree_test_01/tree_test_01_fromMINT_PR.json
2026-05-06T20:01:19+00:00,base/tree_test_02.mint,base/tree_test_02.mint,tree_test_02,1,0.689751,0.114581,0.001753,0.116334,/home/cidar-ron/Downloads/Neptune_2026/Microfluidics-Benchmarks/Results/MINT-TestCases/base/tree_test_02/tree_test_02_fromMINT_PR.json
2026-05-06T20:01:20+00:00,base/tree_valve_test.mint,base/tree_valve_test.mint,tree_valve_test,1,0.666655,0.168486,0.002186,0.170672,/home/cidar-ron/Downloads/Neptune_2026/Microfluidics-Benchmarks/Results/MINT-TestCases/base/tree_valve_test/tree_valve_test_fromMINT_PR.json
2026-05-06T20:01:21+00:00,base/xing_h.mint,base/xing_h.mint,xing_h,1,0.699606,0.171501,0.003216,0.174718,/home/cidar-ron/Downloads/Neptune_2026/Microfluidics-Benchmarks/Results/MINT-TestCases/base/xing_h/xing_h_fromMINT_PR.json
2026-05-06T20:01:22+00:00,base/xing_v.mint,base/xing_v.mint,xing_v,1,0.699372,0.187517,0.004534,0.192051,/home/cidar-ron/Downloads/Neptune_2026/Microfluidics-Benchmarks/Results/MINT-TestCases/base/xing_v/xing_v_fromMINT_PR.json
2026-05-06T20:01:23+00:00,chthesis/flow_focus.mint,chthesis/flow_focus.mint,flow_focus,1,0.695260,0.101515,0.001250,0.102765,/home/cidar-ron/Downloads/Neptune_2026/Microfluidics-Benchmarks/Results/MINT-TestCases/chthesis/flow_focus/flow_focus_fromMINT_PR.json
2026-05-06T20:01:24+00:00,chthesis/grad_cells.mint,chthesis/grad_cells.mint,grad_cells,1,0.687624,0.226519,0.003186,0.229705,/home/cidar-ron/Downloads/Neptune_2026/Microfluidics-Benchmarks/Results/MINT-TestCases/chthesis/grad_cells/grad_cells_fromMINT_PR.json
2026-05-06T20:01:25+00:00,chthesis/hasty.mint,chthesis/hasty.mint,hasty,1,0.653508,0.228825,0.005572,0.234397,/home/cidar-ron/Downloads/Neptune_2026/Microfluidics-Benchmarks/Results/MINT-TestCases/chthesis/hasty/hasty_fromMINT_PR.json
2026-05-06T20:01:26+00:00,chthesis/logic04.mint,chthesis/logic04.mint,logic04,1,0.691728,0.388790,0.006538,0.395328,/home/cidar-ron/Downloads/Neptune_2026/Microfluidics-Benchmarks/Results/MINT-TestCases/chthesis/logic04/logic04_fromMINT_PR.json
2026-05-06T20:01:27+00:00,chthesis/multi_input.mint,chthesis/multi_input.mint,multi_input,1,0.668185,0.222186,0.003298,0.225485,/home/cidar-ron/Downloads/Neptune_2026/Microfluidics-Benchmarks/Results/MINT-TestCases/chthesis/multi_input/multi_input_fromMINT_PR.json
2026-05-06T20:01:29+00:00,chthesis/net_mux.mint,chthesis/net_mux.mint,net_mux,1,0.636762,0.586432,0.046655,0.633086,/home/cidar-ron/Downloads/Neptune_2026/Microfluidics-Benchmarks/Results/MINT-TestCases/chthesis/net_mux/net_mux_fromMINT_PR.json
2026-05-06T20:01:30+00:00,chthesis/port.mint,chthesis/port.mint,port,1,0.400002,0.068625,0.000713,0.069338,/home/cidar-ron/Downloads/Neptune_2026/Microfluidics-Benchmarks/Results/MINT-TestCases/chthesis/port/port_fromMINT_PR.json
2026-05-06T20:01:31+00:00,chthesis/rotary16.mint,chthesis/rotary16.mint,rotary16,1,0.691693,0.528789,0.008803,0.537591,/home/cidar-ron/Downloads/Neptune_2026/Microfluidics-Benchmarks/Results/MINT-TestCases/chthesis/rotary16/rotary16_fromMINT_PR.json
2026-05-06T20:01:32+00:00,chthesis/rotary_cells.mint,chthesis/rotary_cells.mint,rotary_cells,1,0.688154,0.309899,0.007040,0.316938,/home/cidar-ron/Downloads/Neptune_2026/Microfluidics-Benchmarks/Results/MINT-TestCases/chthesis/rotary_cells/rotary_cells_fromMINT_PR.json
2026-05-06T20:01:33+00:00,chthesis/simple.mint,chthesis/simple.mint,simple,1,0.700084,0.089788,0.001046,0.090834,/home/cidar-ron/Downloads/Neptune_2026/Microfluidics-Benchmarks/Results/MINT-TestCases/chthesis/simple/simple_fromMINT_PR.json
2026-05-06T20:01:34+00:00,chthesis/simple_var0.mint,chthesis/simple_var0.mint,simple_var0,1,0.700000,0.088107,0.001123,0.089231,/home/cidar-ron/Downloads/Neptune_2026/Microfluidics-Benchmarks/Results/MINT-TestCases/chthesis/simple_var0/simple_var0_fromMINT_PR.json
2026-05-06T20:01:35+00:00,chthesis/tdroplet.mint,chthesis/tdroplet.mint,tdroplet,1,0.676563,0.145604,0.001965,0.147569,/home/cidar-ron/Downloads/Neptune_2026/Microfluidics-Benchmarks/Results/MINT-TestCases/chthesis/tdroplet/tdroplet_fromMINT_PR.json
2026-05-06T20:01:36+00:00,constraints/array_constraint.mint,constraints/array_constraint.mint,array_constraint,1,0.698878,0.594980,0.013650,0.608629,/home/cidar-ron/Downloads/Neptune_2026/Microfluidics-Benchmarks/Results/MINT-TestCases/constraints/array_constraint/array_constraint_fromMINT_PR.json
2026-05-06T20:01:37+00:00,constraints/orthogonal_constraint.mint,constraints/orthogonal_constraint.mint,orthogonal_constraint,1,0.683948,0.084007,0.001953,0.085959,/home/cidar-ron/Downloads/Neptune_2026/Microfluidics-Benchmarks/Results/MINT-TestCases/constraints/orthogonal_constraint/orthogonal_constraint_fromMINT_PR.json
2026-05-06T20:01:38+00:00,constraints/orthogonal_constraint_large.mint,constraints/orthogonal_constraint_large.mint,orthogonal_constraint_large,1,0.693746,0.194895,0.004026,0.198921,/home/cidar-ron/Downloads/Neptune_2026/Microfluidics-Benchmarks/Results/MINT-TestCases/constraints/orthogonal_constraint_large/orthogonal_constraint_large_fromMINT_PR.json
2026-05-06T20:01:39+00:00,constraints/position_constraint.mint,constraints/position_constraint.mint,position_constraint,1,0.615642,0.082144,0.001426,0.083570,/home/cidar-ron/Downloads/Neptune_2026/Microfluidics-Benchmarks/Results/MINT-TestCases/constraints/position_constraint/position_constraint_fromMINT_PR.json
2026-05-06T20:01:40+00:00,constraints/relative_orientation_constraint.mint,constraints/relative_orientation_constraint.mint,relative_orientation_constraint,1,0.616924,0.107221,0.001675,0.108897,/home/cidar-ron/Downloads/Neptune_2026/Microfluidics-Benchmarks/Results/MINT-TestCases/constraints/relative_orientation_constraint/relative_orientation_constraint_fromMINT_PR.json
2026-05-06T20:01:41+00:00,constraints/tree_constraint.mint,constraints/tree_constraint.mint,tree_constraint,1,0.669143,0.128783,0.001500,0.130283,/home/cidar-ron/Downloads/Neptune_2026/Microfluidics-Benchmarks/Results/MINT-TestCases/constraints/tree_constraint/tree_constraint_fromMINT_PR.json
2026-05-06T20:01:42+00:00,distribute-expressions/and_annotation_test.mint,distribute-expressions/and_annotation_test.mint,and_annotation_test,1,0.696829,0.184924,0.002008,0.186932,/home/cidar-ron/Downloads/Neptune_2026/Microfluidics-Benchmarks/Results/MINT-TestCases/distribute-expressions/and_annotation_test/and_annotation_test_fromMINT_PR.json
2026-05-06T20:01:43+00:00,distribute-expressions/dist_expression1.mint,distribute-expressions/dist_expression1.mint,dist_expression1,1,0.677100,0.079079,0.001275,0.080354,/home/cidar-ron/Downloads/Neptune_2026/Microfluidics-Benchmarks/Results/MINT-TestCases/distribute-expressions/dist_expression1/dist_expression1_fromMINT_PR.json
2026-05-06T20:01:44+00:00,distribute-expressions/dist_expression2.mint,distribute-expressions/dist_expression2.mint,dist_expression2,1,0.676867,0.090713,0.001397,0.092110,/home/cidar-ron/Downloads/Neptune_2026/Microfluidics-Benchmarks/Results/MINT-TestCases/distribute-expressions/dist_expression2/dist_expression2_fromMINT_PR.json
2026-05-06T20:01:45+00:00,distribute-expressions/dist_expression3.mint,distribute-expressions/dist_expression3.mint,dist_expression3,1,0.676867,0.106701,0.001752,0.108453,/home/cidar-ron/Downloads/Neptune_2026/Microfluidics-Benchmarks/Results/MINT-TestCases/distribute-expressions/dist_expression3/dist_expression3_fromMINT_PR.json
2026-05-06T20:01:46+00:00,distribute-library/cell_traps_4.mint,distribute-library/cell_traps_4.mint,cell_traps_4,1,0.685007,0.077475,0.001296,0.078770,/home/cidar-ron/Downloads/Neptune_2026/Microfluidics-Benchmarks/Results/MINT-TestCases/distribute-library/cell_traps_4/cell_traps_4_fromMINT_PR.json
2026-05-06T20:01:47+00:00,distribute-library/hv_storage_grid_04.mint,distribute-library/hv_storage_grid_04.mint,hv_storage_grid_04,1,0.400104,0.056204,0.001081,0.057285,/home/cidar-ron/Downloads/Neptune_2026/Microfluidics-Benchmarks/Results/MINT-TestCases/distribute-library/hv_storage_grid_04/hv_storage_grid_04_fromMINT_PR.json
2026-05-06T20:01:48+00:00,distribute-library/hv_storage_grid_08.mint,distribute-library/hv_storage_grid_08.mint,hv_storage_grid_08,1,0.400104,0.060032,0.001072,0.061104,/home/cidar-ron/Downloads/Neptune_2026/Microfluidics-Benchmarks/Results/MINT-TestCases/distribute-library/hv_storage_grid_08/hv_storage_grid_08_fromMINT_PR.json
2026-05-06T20:01:49+00:00,distribute-library/hv_storage_grid_16.mint,distribute-library/hv_storage_grid_16.mint,hv_storage_grid_16,1,0.400104,0.059245,0.000808,0.060053,/home/cidar-ron/Downloads/Neptune_2026/Microfluidics-Benchmarks/Results/MINT-TestCases/distribute-library/hv_storage_grid_16/hv_storage_grid_16_fromMINT_PR.json
2026-05-06T20:01:50+00:00,distribute-library/hv_storage_grid_32.mint,distribute-library/hv_storage_grid_32.mint,hv_storage_grid_32,1,0.400104,0.057488,0.000737,0.058225,/home/cidar-ron/Downloads/Neptune_2026/Microfluidics-Benchmarks/Results/MINT-TestCases/distribute-library/hv_storage_grid_32/hv_storage_grid_32_fromMINT_PR.json
2026-05-06T20:01:50+00:00,distribute-library/hv_storage_grid_64.mint,distribute-library/hv_storage_grid_64.mint,hv_storage_grid_64,1,0.400104,0.061240,0.001138,0.062378,/home/cidar-ron/Downloads/Neptune_2026/Microfluidics-Benchmarks/Results/MINT-TestCases/distribute-library/hv_storage_grid_64/hv_storage_grid_64_fromMINT_PR.json
2026-05-06T20:01:51+00:00,distribute-library/mux_02_in.mint,distribute-library/mux_02_in.mint,mux_02_in,1,0.696073,0.129647,0.001537,0.131185,/home/cidar-ron/Downloads/Neptune_2026/Microfluidics-Benchmarks/Results/MINT-TestCases/distribute-library/mux_02_in/mux_02_in_fromMINT_PR.json
2026-05-06T20:01:52+00:00,distribute-library/mux_02_out.mint,distribute-library/mux_02_out.mint,mux_02_out,1,0.696073,0.130098,0.001534,0.131633,/home/cidar-ron/Downloads/Neptune_2026/Microfluidics-Benchmarks/Results/MINT-TestCases/distribute-library/mux_02_out/mux_02_out_fromMINT_PR.json
2026-05-06T20:01:53+00:00,distribute-library/mux_04_in.mint,distribute-library/mux_04_in.mint,mux_04_in,1,0.697608,0.180188,0.002359,0.182548,/home/cidar-ron/Downloads/Neptune_2026/Microfluidics-Benchmarks/Results/MINT-TestCases/distribute-library/mux_04_in/mux_04_in_fromMINT_PR.json
2026-05-06T20:01:54+00:00,distribute-library/mux_04_out.mint,distribute-library/mux_04_out.mint,mux_04_out,1,0.697501,0.183937,0.002772,0.186709,/home/cidar-ron/Downloads/Neptune_2026/Microfluidics-Benchmarks/Results/MINT-TestCases/distribute-library/mux_04_out/mux_04_out_fromMINT_PR.json
2026-05-06T20:01:56+00:00,distribute-library/mux_08_in.mint,distribute-library/mux_08_in.mint,mux_08_in,1,0.698754,0.336854,0.003742,0.340595,/home/cidar-ron/Downloads/Neptune_2026/Microfluidics-Benchmarks/Results/MINT-TestCases/distribute-library/mux_08_in/mux_08_in_fromMINT_PR.json
2026-05-06T20:01:57+00:00,distribute-library/mux_08_out.mint,distribute-library/mux_08_out.mint,mux_08_out,1,0.698694,0.290408,0.003408,0.293816,/home/cidar-ron/Downloads/Neptune_2026/Microfluidics-Benchmarks/Results/MINT-TestCases/distribute-library/mux_08_out/mux_08_out_fromMINT_PR.json
2026-05-06T20:01:58+00:00,distribute-library/mux_16_in.mint,distribute-library/mux_16_in.mint,mux_16_in,1,0.699422,0.473142,0.006497,0.479640,/home/cidar-ron/Downloads/Neptune_2026/Microfluidics-Benchmarks/Results/MINT-TestCases/distribute-library/mux_16_in/mux_16_in_fromMINT_PR.json
2026-05-06T20:01:59+00:00,distribute-library/mux_16_out.mint,distribute-library/mux_16_out.mint,mux_16_out,1,0.699422,0.433686,0.006478,0.440164,/home/cidar-ron/Downloads/Neptune_2026/Microfluidics-Benchmarks/Results/MINT-TestCases/distribute-library/mux_16_out/mux_16_out_fromMINT_PR.json
2026-05-06T20:02:01+00:00,distribute-library/mux_32_in.mint,distribute-library/mux_32_in.mint,mux_32_in,1,0.699666,0.658158,0.011822,0.669980,/home/cidar-ron/Downloads/Neptune_2026/Microfluidics-Benchmarks/Results/MINT-TestCases/distribute-library/mux_32_in/mux_32_in_fromMINT_PR.json
2026-05-06T20:02:02+00:00,distribute-library/mux_32_out.mint,distribute-library/mux_32_out.mint,mux_32_out,1,0.699664,0.656309,0.011977,0.668285,/home/cidar-ron/Downloads/Neptune_2026/Microfluidics-Benchmarks/Results/MINT-TestCases/distribute-library/mux_32_out/mux_32_out_fromMINT_PR.json
2026-05-06T20:02:04+00:00,distribute-library/mux_64_in.mint,distribute-library/mux_64_in.mint,mux_64_in,1,0.699835,1.273102,0.058214,1.331315,/home/cidar-ron/Downloads/Neptune_2026/Microfluidics-Benchmarks/Results/MINT-TestCases/distribute-library/mux_64_in/mux_64_in_fromMINT_PR.json
2026-05-06T20:02:07+00:00,distribute-library/mux_64_out.mint,distribute-library/mux_64_out.mint,mux_64_out,1,0.699842,1.289433,0.055966,1.345399,/home/cidar-ron/Downloads/Neptune_2026/Microfluidics-Benchmarks/Results/MINT-TestCases/distribute-library/mux_64_out/mux_64_out_fromMINT_PR.json
2026-05-06T20:02:07+00:00,distribute-library/single_storage_grid_01.mint,distribute-library/single_storage_grid_01.mint,single_storage_grid_01,1,0.400104,0.054565,0.000676,0.055241,/home/cidar-ron/Downloads/Neptune_2026/Microfluidics-Benchmarks/Results/MINT-TestCases/distribute-library/single_storage_grid_01/single_storage_grid_01_fromMINT_PR.json
2026-05-06T20:02:08+00:00,distribute-library/single_storage_grid_02.mint,distribute-library/single_storage_grid_02.mint,single_storage_grid_02,1,0.400104,0.056164,0.000670,0.056834,/home/cidar-ron/Downloads/Neptune_2026/Microfluidics-Benchmarks/Results/MINT-TestCases/distribute-library/single_storage_grid_02/single_storage_grid_02_fromMINT_PR.json
2026-05-06T20:02:09+00:00,distribute-library/single_storage_grid_04.mint,distribute-library/single_storage_grid_04.mint,single_storage_grid_04,1,0.400104,0.055108,0.000828,0.055936,/home/cidar-ron/Downloads/Neptune_2026/Microfluidics-Benchmarks/Results/MINT-TestCases/distribute-library/single_storage_grid_04/single_storage_grid_04_fromMINT_PR.json
2026-05-06T20:02:10+00:00,distribute-library/single_storage_grid_08.mint,distribute-library/single_storage_grid_08.mint,single_storage_grid_08,1,0.400104,0.057574,0.000765,0.058340,/home/cidar-ron/Downloads/Neptune_2026/Microfluidics-Benchmarks/Results/MINT-TestCases/distribute-library/single_storage_grid_08/single_storage_grid_08_fromMINT_PR.json
2026-05-06T20:02:11+00:00,distribute-library/single_storage_grid_16.mint,distribute-library/single_storage_grid_16.mint,single_storage_grid_16,1,0.400104,0.058936,0.000655,0.059590,/home/cidar-ron/Downloads/Neptune_2026/Microfluidics-Benchmarks/Results/MINT-TestCases/distribute-library/single_storage_grid_16/single_storage_grid_16_fromMINT_PR.json
2026-05-06T20:02:12+00:00,distribute-library/single_storage_grid_32.mint,distribute-library/single_storage_grid_32.mint,single_storage_grid_32,1,0.400104,0.059201,0.000846,0.060047,/home/cidar-ron/Downloads/Neptune_2026/Microfluidics-Benchmarks/Results/MINT-TestCases/distribute-library/single_storage_grid_32/single_storage_grid_32_fromMINT_PR.json
2026-05-06T20:02:13+00:00,distribute-library/single_storage_grid_64.mint,distribute-library/single_storage_grid_64.mint,single_storage_grid_64,1,0.400104,0.057808,0.000739,0.058547,/home/cidar-ron/Downloads/Neptune_2026/Microfluidics-Benchmarks/Results/MINT-TestCases/distribute-library/single_storage_grid_64/single_storage_grid_64_fromMINT_PR.json
2026-05-06T20:02:13+00:00,distribute-library/transposer_02.mint,distribute-library/transposer_02.mint,transposer_02,1,0.677100,0.078705,0.001131,0.079837,/home/cidar-ron/Downloads/Neptune_2026/Microfluidics-Benchmarks/Results/MINT-TestCases/distribute-library/transposer_02/transposer_02_fromMINT_PR.json
2026-05-06T20:02:15+00:00,distribute-library/transposer_03.mint,distribute-library/transposer_03.mint,transposer_03,1,0.698687,0.240363,0.003134,0.243496,/home/cidar-ron/Downloads/Neptune_2026/Microfluidics-Benchmarks/Results/MINT-TestCases/distribute-library/transposer_03/transposer_03_fromMINT_PR.json
2026-05-06T20:02:16+00:00,distribute-library/transposer_04.mint,distribute-library/transposer_04.mint,transposer_04,1,0.698903,0.268464,0.003840,0.272304,/home/cidar-ron/Downloads/Neptune_2026/Microfluidics-Benchmarks/Results/MINT-TestCases/distribute-library/transposer_04/transposer_04_fromMINT_PR.json
2026-05-06T20:02:17+00:00,distribute-library/transposer_08.mint,distribute-library/transposer_08.mint,transposer_08,1,0.400104,0.056904,0.000683,0.057587,/home/cidar-ron/Downloads/Neptune_2026/Microfluidics-Benchmarks/Results/MINT-TestCases/distribute-library/transposer_08/transposer_08_fromMINT_PR.json
2026-05-06T20:02:17+00:00,distribute-library/transposer_16.mint,distribute-library/transposer_16.mint,transposer_16,1,0.400104,0.056844,0.000727,0.057571,/home/cidar-ron/Downloads/Neptune_2026/Microfluidics-Benchmarks/Results/MINT-TestCases/distribute-library/transposer_16/transposer_16_fromMINT_PR.json
2026-05-06T20:02:18+00:00,distribute-library/transposer_32.mint,distribute-library/transposer_32.mint,transposer_32,1,0.400104,0.055638,0.000642,0.056280,/home/cidar-ron/Downloads/Neptune_2026/Microfluidics-Benchmarks/Results/MINT-TestCases/distribute-library/transposer_32/transposer_32_fromMINT_PR.json
2026-05-06T20:02:19+00:00,distribute-library/transposer_64.mint,distribute-library/transposer_64.mint,transposer_64,1,0.400104,0.054871,0.000694,0.055565,/home/cidar-ron/Downloads/Neptune_2026/Microfluidics-Benchmarks/Results/MINT-TestCases/distribute-library/transposer_64/transposer_64_fromMINT_PR.json
2026-05-06T20:02:20+00:00,dropgen/dropletgenerator.mint,dropgen/dropletgenerator.mint,dropletgenerator,1,0.674203,0.092998,0.001759,0.094756,/home/cidar-ron/Downloads/Neptune_2026/Microfluidics-Benchmarks/Results/MINT-TestCases/dropgen/dropletgenerator/dropletgenerator_fromMINT_PR.json
2026-05-06T20:02:21+00:00,dropgen/dropletgenerator2.mint,dropgen/dropletgenerator2.mint,dropletgenerator2,1,0.694311,0.127134,0.002451,0.129585,/home/cidar-ron/Downloads/Neptune_2026/Microfluidics-Benchmarks/Results/MINT-TestCases/dropgen/dropletgenerator2/dropletgenerator2_fromMINT_PR.json
2026-05-06T20:02:22+00:00,dropgen/dropletgenerator3.mint,dropgen/dropletgenerator3.mint,dropletgenerator3,1,0.695020,0.129371,0.001963,0.131334,/home/cidar-ron/Downloads/Neptune_2026/Microfluidics-Benchmarks/Results/MINT-TestCases/dropgen/dropletgenerator3/dropletgenerator3_fromMINT_PR.json
2026-05-06T20:02:23+00:00,dropgen/dropletgenerator4.mint,dropgen/dropletgenerator4.mint,dropletgenerator4,1,0.694478,0.124409,0.001943,0.126352,/home/cidar-ron/Downloads/Neptune_2026/Microfluidics-Benchmarks/Results/MINT-TestCases/dropgen/dropletgenerator4/dropletgenerator4_fromMINT_PR.json
2026-05-06T20:02:24+00:00,dropx/dropx_test1.mint,dropx/dropx_test1.mint,dropx_test1,1,0.678415,0.113684,0.001160,0.114844,/home/cidar-ron/Downloads/Neptune_2026/Microfluidics-Benchmarks/Results/MINT-TestCases/dropx/dropx_test1/dropx_test1_fromMINT_PR.json
2026-05-06T20:02:25+00:00,dropx/dropx_test2.mint,dropx/dropx_test2.mint,dropx_test2,1,0.678337,0.159209,0.002902,0.162112,/home/cidar-ron/Downloads/Neptune_2026/Microfluidics-Benchmarks/Results/MINT-TestCases/dropx/dropx_test2/dropx_test2_fromMINT_PR.json
2026-05-06T20:02:26+00:00,dropx/dropx_test3.mint,dropx/dropx_test3.mint,dropx_test3,1,0.678337,0.162189,0.001800,0.163989,/home/cidar-ron/Downloads/Neptune_2026/Microfluidics-Benchmarks/Results/MINT-TestCases/dropx/dropx_test3/dropx_test3_fromMINT_PR.json
2026-05-06T20:02:27+00:00,dropx/dropx_test4.mint,dropx/dropx_test4.mint,dropx_test4,1,0.688836,0.111359,0.001423,0.112782,/home/cidar-ron/Downloads/Neptune_2026/Microfluidics-Benchmarks/Results/MINT-TestCases/dropx/dropx_test4/dropx_test4_fromMINT_PR.json
2026-05-06T20:02:28+00:00,dropx/dx1.mint,dropx/dx1.mint,dx1,1,0.681655,0.150902,0.001463,0.152364,/home/cidar-ron/Downloads/Neptune_2026/Microfluidics-Benchmarks/Results/MINT-TestCases/dropx/dx1/dx1_fromMINT_PR.json
2026-05-06T20:02:29+00:00,dropx/dx10.mint,dropx/dx10.mint,dx10,1,0.681884,0.155892,0.001573,0.157465,/home/cidar-ron/Downloads/Neptune_2026/Microfluidics-Benchmarks/Results/MINT-TestCases/dropx/dx10/dx10_fromMINT_PR.json
2026-05-06T20:02:30+00:00,dropx/dx11.mint,dropx/dx11.mint,dx11,1,0.680625,0.187811,0.001944,0.189754,/home/cidar-ron/Downloads/Neptune_2026/Microfluidics-Benchmarks/Results/MINT-TestCases/dropx/dx11/dx11_fromMINT_PR.json
2026-05-06T20:02:31+00:00,dropx/dx12.mint,dropx/dx12.mint,dx12,1,0.681269,0.185346,0.002520,0.187866,/home/cidar-ron/Downloads/Neptune_2026/Microfluidics-Benchmarks/Results/MINT-TestCases/dropx/dx12/dx12_fromMINT_PR.json
2026-05-06T20:02:32+00:00,dropx/dx13.mint,dropx/dx13.mint,dx13,1,0.692222,0.228608,0.005591,0.234199,/home/cidar-ron/Downloads/Neptune_2026/Microfluidics-Benchmarks/Results/MINT-TestCases/dropx/dx13/dx13_fromMINT_PR.json
2026-05-06T20:02:33+00:00,dropx/dx14.mint,dropx/dx14.mint,dx14,1,0.683427,0.186426,0.002995,0.189422,/home/cidar-ron/Downloads/Neptune_2026/Microfluidics-Benchmarks/Results/MINT-TestCases/dropx/dx14/dx14_fromMINT_PR.json
2026-05-06T20:02:34+00:00,dropx/dx15.mint,dropx/dx15.mint,dx15,1,0.683719,0.134607,0.001653,0.136260,/home/cidar-ron/Downloads/Neptune_2026/Microfluidics-Benchmarks/Results/MINT-TestCases/dropx/dx15/dx15_fromMINT_PR.json
2026-05-06T20:02:35+00:00,dropx/dx2.mint,dropx/dx2.mint,dx2,1,0.681144,0.162905,0.001714,0.164619,/home/cidar-ron/Downloads/Neptune_2026/Microfluidics-Benchmarks/Results/MINT-TestCases/dropx/dx2/dx2_fromMINT_PR.json
2026-05-06T20:02:36+00:00,dropx/dx3.mint,dropx/dx3.mint,dx3,1,0.684206,0.163733,0.002175,0.165908,/home/cidar-ron/Downloads/Neptune_2026/Microfluidics-Benchmarks/Results/MINT-TestCases/dropx/dx3/dx3_fromMINT_PR.json
2026-05-06T20:02:37+00:00,dropx/dx4.mint,dropx/dx4.mint,dx4,1,0.683464,0.211380,0.003204,0.214584,/home/cidar-ron/Downloads/Neptune_2026/Microfluidics-Benchmarks/Results/MINT-TestCases/dropx/dx4/dx4_fromMINT_PR.json
2026-05-06T20:02:38+00:00,dropx/dx5.mint,dropx/dx5.mint,dx5,1,0.690335,0.200622,0.003934,0.204556,/home/cidar-ron/Downloads/Neptune_2026/Microfluidics-Benchmarks/Results/MINT-TestCases/dropx/dx5/dx5_fromMINT_PR.json
2026-05-06T20:02:39+00:00,dropx/dx6.mint,dropx/dx6.mint,dx6,1,0.684324,0.161694,0.002542,0.164237,/home/cidar-ron/Downloads/Neptune_2026/Microfluidics-Benchmarks/Results/MINT-TestCases/dropx/dx6/dx6_fromMINT_PR.json
2026-05-06T20:02:40+00:00,dropx/dx7.mint,dropx/dx7.mint,dx7,1,0.684442,0.211641,0.003074,0.214715,/home/cidar-ron/Downloads/Neptune_2026/Microfluidics-Benchmarks/Results/MINT-TestCases/dropx/dx7/dx7_fromMINT_PR.json
2026-05-06T20:02:41+00:00,dropx/dx8.mint,dropx/dx8.mint,dx8,1,0.680156,0.212562,0.002071,0.214633,/home/cidar-ron/Downloads/Neptune_2026/Microfluidics-Benchmarks/Results/MINT-TestCases/dropx/dx8/dx8_fromMINT_PR.json
2026-05-06T20:02:42+00:00,dropx/dx9.mint,dropx/dx9.mint,dx9,1,0.680992,0.164303,0.001758,0.166061,/home/cidar-ron/Downloads/Neptune_2026/Microfluidics-Benchmarks/Results/MINT-TestCases/dropx/dx9/dx9_fromMINT_PR.json
2026-05-06T20:02:43+00:00,dropx_ref/dx10_ref.mint,dropx_ref/dx10_ref.mint,dx10_ref,1,0.673306,0.131477,0.001936,0.133413,/home/cidar-ron/Downloads/Neptune_2026/Microfluidics-Benchmarks/Results/MINT-TestCases/dropx_ref/dx10_ref/dx10_ref_fromMINT_PR.json
2026-05-06T20:02:44+00:00,dropx_ref/dx11_ref.mint,dropx_ref/dx11_ref.mint,dx11_ref,1,0.669246,0.177423,0.003007,0.180430,/home/cidar-ron/Downloads/Neptune_2026/Microfluidics-Benchmarks/Results/MINT-TestCases/dropx_ref/dx11_ref/dx11_ref_fromMINT_PR.json
2026-05-06T20:02:45+00:00,dropx_ref/dx12_ref.mint,dropx_ref/dx12_ref.mint,dx12_ref,1,0.677582,0.151968,0.003208,0.155176,/home/cidar-ron/Downloads/Neptune_2026/Microfluidics-Benchmarks/Results/MINT-TestCases/dropx_ref/dx12_ref/dx12_ref_fromMINT_PR.json
2026-05-06T20:02:46+00:00,dropx_ref/dx13_ref.mint,dropx_ref/dx13_ref.mint,dx13_ref,1,0.675553,0.207154,0.003466,0.210620,/home/cidar-ron/Downloads/Neptune_2026/Microfluidics-Benchmarks/Results/MINT-TestCases/dropx_ref/dx13_ref/dx13_ref_fromMINT_PR.json
2026-05-06T20:02:47+00:00,dropx_ref/dx14_ref.mint,dropx_ref/dx14_ref.mint,dx14_ref,1,0.683427,0.189367,0.002921,0.192288,/home/cidar-ron/Downloads/Neptune_2026/Microfluidics-Benchmarks/Results/MINT-TestCases/dropx_ref/dx14_ref/dx14_ref_fromMINT_PR.json
2026-05-06T20:02:48+00:00,dropx_ref/dx15_ref.mint,dropx_ref/dx15_ref.mint,dx15_ref,1,0.677254,0.126768,0.002682,0.129449,/home/cidar-ron/Downloads/Neptune_2026/Microfluidics-Benchmarks/Results/MINT-TestCases/dropx_ref/dx15_ref/dx15_ref_fromMINT_PR.json
2026-05-06T20:02:49+00:00,dropx_ref/dx1_ref.mint,dropx_ref/dx1_ref.mint,dx1_ref,1,0.689214,0.167406,0.002259,0.169665,/home/cidar-ron/Downloads/Neptune_2026/Microfluidics-Benchmarks/Results/MINT-TestCases/dropx_ref/dx1_ref/dx1_ref_fromMINT_PR.json
2026-05-06T20:02:50+00:00,dropx_ref/dx2_ref.mint,dropx_ref/dx2_ref.mint,dx2_ref,1,0.694474,0.173330,0.002416,0.175746,/home/cidar-ron/Downloads/Neptune_2026/Microfluidics-Benchmarks/Results/MINT-TestCases/dropx_ref/dx2_ref/dx2_ref_fromMINT_PR.json
2026-05-06T20:02:51+00:00,dropx_ref/dx3_ref.mint,dropx_ref/dx3_ref.mint,dx3_ref,1,0.681226,0.147288,0.002266,0.149554,/home/cidar-ron/Downloads/Neptune_2026/Microfluidics-Benchmarks/Results/MINT-TestCases/dropx_ref/dx3_ref/dx3_ref_fromMINT_PR.json
2026-05-06T20:02:52+00:00,dropx_ref/dx4_ref.mint,dropx_ref/dx4_ref.mint,dx4_ref,1,0.683464,0.197902,0.003360,0.201262,/home/cidar-ron/Downloads/Neptune_2026/Microfluidics-Benchmarks/Results/MINT-TestCases/dropx_ref/dx4_ref/dx4_ref_fromMINT_PR.json
2026-05-06T20:02:53+00:00,dropx_ref/dx5_ref.mint,dropx_ref/dx5_ref.mint,dx5_ref,1,0.680208,0.171328,0.002808,0.174135,/home/cidar-ron/Downloads/Neptune_2026/Microfluidics-Benchmarks/Results/MINT-TestCases/dropx_ref/dx5_ref/dx5_ref_fromMINT_PR.json
2026-05-06T20:02:54+00:00,dropx_ref/dx6_ref.mint,dropx_ref/dx6_ref.mint,dx6_ref,1,0.586112,0.124219,0.001853,0.126071,/home/cidar-ron/Downloads/Neptune_2026/Microfluidics-Benchmarks/Results/MINT-TestCases/dropx_ref/dx6_ref/dx6_ref_fromMINT_PR.json
2026-05-06T20:02:55+00:00,dropx_ref/dx7_ref.mint,dropx_ref/dx7_ref.mint,dx7_ref,1,0.678432,0.178478,0.002925,0.181403,/home/cidar-ron/Downloads/Neptune_2026/Microfluidics-Benchmarks/Results/MINT-TestCases/dropx_ref/dx7_ref/dx7_ref_fromMINT_PR.json
2026-05-06T20:02:56+00:00,dropx_ref/dx8_ref.mint,dropx_ref/dx8_ref.mint,dx8_ref,1,0.681045,0.192617,0.003634,0.196251,/home/cidar-ron/Downloads/Neptune_2026/Microfluidics-Benchmarks/Results/MINT-TestCases/dropx_ref/dx8_ref/dx8_ref_fromMINT_PR.json
2026-05-06T20:02:57+00:00,dropx_ref/dx9_ref.mint,dropx_ref/dx9_ref.mint,dx9_ref,1,0.681660,0.168210,0.002626,0.170835,/home/cidar-ron/Downloads/Neptune_2026/Microfluidics-Benchmarks/Results/MINT-TestCases/dropx_ref/dx9_ref/dx9_ref_fromMINT_PR.json
2026-05-06T20:02:57+00:00,ghissues/issue10.mint,ghissues/issue10.mint,issue10,1,0.400060,0.097715,0.001132,0.098847,/home/cidar-ron/Downloads/Neptune_2026/Microfluidics-Benchmarks/Results/MINT-TestCases/ghissues/issue10/issue10_fromMINT_PR.json
2026-05-06T20:02:58+00:00,ghissues/issue15.mint,ghissues/issue15.mint,issue15,1,0.677100,0.081659,0.001161,0.082821,/home/cidar-ron/Downloads/Neptune_2026/Microfluidics-Benchmarks/Results/MINT-TestCases/ghissues/issue15/issue15_fromMINT_PR.json
2026-05-06T20:02:59+00:00,ghissues/issue2.mint,ghissues/issue2.mint,issue2,1,0.700094,0.072705,0.000847,0.073551,/home/cidar-ron/Downloads/Neptune_2026/Microfluidics-Benchmarks/Results/MINT-TestCases/ghissues/issue2/issue2_fromMINT_PR.json
2026-05-06T20:03:00+00:00,ghissues/issue3.mint,ghissues/issue3.mint,issue3,1,0.682501,0.076453,0.000945,0.077399,/home/cidar-ron/Downloads/Neptune_2026/Microfluidics-Benchmarks/Results/MINT-TestCases/ghissues/issue3/issue3_fromMINT_PR.json
2026-05-06T20:03:01+00:00,ghissues/issue6.mint,ghissues/issue6.mint,issue6,1,0.682890,0.118583,0.002457,0.121040,/home/cidar-ron/Downloads/Neptune_2026/Microfluidics-Benchmarks/Results/MINT-TestCases/ghissues/issue6/issue6_fromMINT_PR.json
2026-05-06T20:03:02+00:00,ghissues/issue7.mint,ghissues/issue7.mint,issue7,1,0.676867,0.087793,0.002210,0.090003,/home/cidar-ron/Downloads/Neptune_2026/Microfluidics-Benchmarks/Results/MINT-TestCases/ghissues/issue7/issue7_fromMINT_PR.json
2026-05-06T20:03:03+00:00,ghissues/issue8.mint,ghissues/issue8.mint,issue8,1,0.676867,0.090417,0.001886,0.092303,/home/cidar-ron/Downloads/Neptune_2026/Microfluidics-Benchmarks/Results/MINT-TestCases/ghissues/issue8/issue8_fromMINT_PR.json
2026-05-06T20:03:03+00:00,ghissues/issue9.mint,ghissues/issue9.mint,issue9,1,0.677879,0.092282,0.002051,0.094333,/home/cidar-ron/Downloads/Neptune_2026/Microfluidics-Benchmarks/Results/MINT-TestCases/ghissues/issue9/issue9_fromMINT_PR.json
2026-05-06T20:03:05+00:00,grid/grid_03.mint,grid/grid_03.mint,grid_03,1,0.647428,0.301110,0.005541,0.306651,/home/cidar-ron/Downloads/Neptune_2026/Microfluidics-Benchmarks/Results/MINT-TestCases/grid/grid_03/grid_03_fromMINT_PR.json
2026-05-06T20:03:06+00:00,grid/grid_04.mint,grid/grid_04.mint,grid_04,1,0.624567,0.424493,0.008992,0.433485,/home/cidar-ron/Downloads/Neptune_2026/Microfluidics-Benchmarks/Results/MINT-TestCases/grid/grid_04/grid_04_fromMINT_PR.json
2026-05-06T20:03:07+00:00,grid/grid_05.mint,grid/grid_05.mint,grid_05,1,0.606561,0.619736,0.013743,0.633479,/home/cidar-ron/Downloads/Neptune_2026/Microfluidics-Benchmarks/Results/MINT-TestCases/grid/grid_05/grid_05_fromMINT_PR.json
2026-05-06T20:03:09+00:00,grid/grid_06.mint,grid/grid_06.mint,grid_06,1,0.592685,0.783098,0.018803,0.801901,/home/cidar-ron/Downloads/Neptune_2026/Microfluidics-Benchmarks/Results/MINT-TestCases/grid/grid_06/grid_06_fromMINT_PR.json
2026-05-06T20:03:11+00:00,grid/grid_07.mint,grid/grid_07.mint,grid_07,1,0.581443,1.183370,0.027192,1.210562,/home/cidar-ron/Downloads/Neptune_2026/Microfluidics-Benchmarks/Results/MINT-TestCases/grid/grid_07/grid_07_fromMINT_PR.json
2026-05-06T20:03:14+00:00,grid/grid_08.mint,grid/grid_08.mint,grid_08,1,0.572168,1.727621,0.036300,1.763922,/home/cidar-ron/Downloads/Neptune_2026/Microfluidics-Benchmarks/Results/MINT-TestCases/grid/grid_08/grid_08_fromMINT_PR.json
2026-05-06T20:03:17+00:00,grid/grid_09.mint,grid/grid_09.mint,grid_09,1,0.564434,1.907382,0.047397,1.954779,/home/cidar-ron/Downloads/Neptune_2026/Microfluidics-Benchmarks/Results/MINT-TestCases/grid/grid_09/grid_09_fromMINT_PR.json
2026-05-06T20:03:20+00:00,grid/grid_10.mint,grid/grid_10.mint,grid_10,1,0.557826,2.091314,0.059595,2.150909,/home/cidar-ron/Downloads/Neptune_2026/Microfluidics-Benchmarks/Results/MINT-TestCases/grid/grid_10/grid_10_fromMINT_PR.json
2026-05-06T20:03:24+00:00,grid/grid_11.mint,grid/grid_11.mint,grid_11,1,0.552133,2.550116,0.130192,2.680308,/home/cidar-ron/Downloads/Neptune_2026/Microfluidics-Benchmarks/Results/MINT-TestCases/grid/grid_11/grid_11_fromMINT_PR.json
2026-05-06T20:03:28+00:00,grid/grid_12.mint,grid/grid_12.mint,grid_12,1,0.547176,3.178233,0.134276,3.312509,/home/cidar-ron/Downloads/Neptune_2026/Microfluidics-Benchmarks/Results/MINT-TestCases/grid/grid_12/grid_12_fromMINT_PR.json
2026-05-06T20:03:33+00:00,grid/grid_13.mint,grid/grid_13.mint,grid_13,1,0.542821,3.754691,0.120611,3.875303,/home/cidar-ron/Downloads/Neptune_2026/Microfluidics-Benchmarks/Results/MINT-TestCases/grid/grid_13/grid_13_fromMINT_PR.json
2026-05-06T20:03:38+00:00,grid/grid_14.mint,grid/grid_14.mint,grid_14,1,0.538964,4.317142,0.142036,4.459177,/home/cidar-ron/Downloads/Neptune_2026/Microfluidics-Benchmarks/Results/MINT-TestCases/grid/grid_14/grid_14_fromMINT_PR.json
2026-05-06T20:03:45+00:00,grid/grid_15.mint,grid/grid_15.mint,grid_15,1,0.535525,5.209437,0.227996,5.437434,/home/cidar-ron/Downloads/Neptune_2026/Microfluidics-Benchmarks/Results/MINT-TestCases/grid/grid_15/grid_15_fromMINT_PR.json
2026-05-06T20:03:52+00:00,grid/grid_16.mint,grid/grid_16.mint,grid_16,1,0.532439,5.969500,0.272170,6.241670,/home/cidar-ron/Downloads/Neptune_2026/Microfluidics-Benchmarks/Results/MINT-TestCases/grid/grid_16/grid_16_fromMINT_PR.json
2026-05-06T20:03:53+00:00,hmlp/v0.mint,hmlp/v0.mint,v0,1,0.683915,0.121237,0.002121,0.123358,/home/cidar-ron/Downloads/Neptune_2026/Microfluidics-Benchmarks/Results/MINT-TestCases/hmlp/v0/v0_fromMINT_PR.json
2026-05-06T20:03:54+00:00,mars/DNA_Digest.mint,mars/DNA_Digest.mint,DNA_Digest,1,0.677879,0.096662,0.002071,0.098733,/home/cidar-ron/Downloads/Neptune_2026/Microfluidics-Benchmarks/Results/MINT-TestCases/mars/DNA_Digest/DNA_Digest_fromMINT_PR.json
2026-05-06T20:03:55+00:00,mars/antibiotic_resistance.mint,mars/antibiotic_resistance.mint,antibiotic_resistance,1,0.695944,0.150373,0.002559,0.152932,/home/cidar-ron/Downloads/Neptune_2026/Microfluidics-Benchmarks/Results/MINT-TestCases/mars/antibiotic_resistance/antibiotic_resistance_fromMINT_PR.json
2026-05-06T20:03:56+00:00,mars/cell_lysis.mint,mars/cell_lysis.mint,cell_lysis,1,0.685779,0.118126,0.002079,0.120205,/home/cidar-ron/Downloads/Neptune_2026/Microfluidics-Benchmarks/Results/MINT-TestCases/mars/cell_lysis/cell_lysis_fromMINT_PR.json
2026-05-06T20:03:57+00:00,mars/fluorescence.mint,mars/fluorescence.mint,fluorescence,1,0.676867,0.088311,0.001994,0.090304,/home/cidar-ron/Downloads/Neptune_2026/Microfluidics-Benchmarks/Results/MINT-TestCases/mars/fluorescence/fluorescence_fromMINT_PR.json
2026-05-06T20:03:58+00:00,mars/ligation.mint,mars/ligation.mint,ligation,1,0.681756,0.117639,0.002097,0.119736,/home/cidar-ron/Downloads/Neptune_2026/Microfluidics-Benchmarks/Results/MINT-TestCases/mars/ligation/ligation_fromMINT_PR.json
2026-05-06T20:03:59+00:00,mars/pcr.mint,mars/pcr.mint,pcr,1,0.678475,0.121619,0.001543,0.123162,/home/cidar-ron/Downloads/Neptune_2026/Microfluidics-Benchmarks/Results/MINT-TestCases/mars/pcr/pcr_fromMINT_PR.json
2026-05-06T20:04:00+00:00,mars/pre_processor_dump.mint,mars/pre_processor_dump.mint,pre_processor_dump,1,0.676867,0.087633,0.001899,0.089532,/home/cidar-ron/Downloads/Neptune_2026/Microfluidics-Benchmarks/Results/MINT-TestCases/mars/pre_processor_dump/pre_processor_dump_fromMINT_PR.json
2026-05-06T20:04:01+00:00,mars/sorting.mint,mars/sorting.mint,sorting,1,0.680036,0.117378,0.002732,0.120110,/home/cidar-ron/Downloads/Neptune_2026/Microfluidics-Benchmarks/Results/MINT-TestCases/mars/sorting/sorting_fromMINT_PR.json
2026-05-06T20:04:01+00:00,mars/transformation.mint,mars/transformation.mint,transformation,1,0.677100,0.081237,0.001330,0.082567,/home/cidar-ron/Downloads/Neptune_2026/Microfluidics-Benchmarks/Results/MINT-TestCases/mars/transformation/transformation_fromMINT_PR.json
2026-05-06T20:04:02+00:00,new_grid/grid_02.mint,new_grid/grid_02.mint,grid_02,1,0.614371,0.206377,0.003848,0.210225,/home/cidar-ron/Downloads/Neptune_2026/Microfluidics-Benchmarks/Results/MINT-TestCases/new_grid/grid_02/grid_02_fromMINT_PR.json
2026-05-06T20:04:04+00:00,new_grid/grid_04.mint,new_grid/grid_04.mint,grid_04,1,0.561416,0.470696,0.008719,0.479415,/home/cidar-ron/Downloads/Neptune_2026/Microfluidics-Benchmarks/Results/MINT-TestCases/new_grid/grid_04/grid_04_fromMINT_PR.json
2026-05-06T20:04:07+00:00,new_grid/grid_08.mint,new_grid/grid_08.mint,grid_08,1,0.506400,2.445683,0.032107,2.477790,/home/cidar-ron/Downloads/Neptune_2026/Microfluidics-Benchmarks/Results/MINT-TestCases/new_grid/grid_08/grid_08_fromMINT_PR.json
2026-05-06T20:04:18+00:00,new_grid/grid_16.mint,new_grid/grid_16.mint,grid_16,1,0.478157,9.286628,0.163211,9.449839,/home/cidar-ron/Downloads/Neptune_2026/Microfluidics-Benchmarks/Results/MINT-TestCases/new_grid/grid_16/grid_16_fromMINT_PR.json
2026-05-06T20:04:19+00:00,primitive/capacitance_sensor.mint,primitive/capacitance_sensor.mint,capacitance_sensor,1,0.655850,0.115618,0.001102,0.116721,/home/cidar-ron/Downloads/Neptune_2026/Microfluidics-Benchmarks/Results/MINT-TestCases/primitive/capacitance_sensor/capacitance_sensor_fromMINT_PR.json
2026-05-06T20:04:20+00:00,primitive/curved_mixer.mint,primitive/curved_mixer.mint,curved_mixer,1,0.673366,0.124808,0.000998,0.125806,/home/cidar-ron/Downloads/Neptune_2026/Microfluidics-Benchmarks/Results/MINT-TestCases/primitive/curved_mixer/curved_mixer_fromMINT_PR.json
2026-05-06T20:04:20+00:00,primitive/diamond_chamber.mint,primitive/diamond_chamber.mint,diamond_chamber,1,0.686139,0.075365,0.000914,0.076279,/home/cidar-ron/Downloads/Neptune_2026/Microfluidics-Benchmarks/Results/MINT-TestCases/primitive/diamond_chamber/diamond_chamber_fromMINT_PR.json
2026-05-06T20:04:21+00:00,primitive/droplet_generator_t.mint,primitive/droplet_generator_t.mint,droplet_generator_t,1,0.697366,0.070958,0.001191,0.072150,/home/cidar-ron/Downloads/Neptune_2026/Microfluidics-Benchmarks/Results/MINT-TestCases/primitive/droplet_generator_t/droplet_generator_t_fromMINT_PR.json
2026-05-06T20:04:22+00:00,primitive/droplet_merger.mint,primitive/droplet_merger.mint,droplet_merger,1,0.680431,0.079844,0.001066,0.080910,/home/cidar-ron/Downloads/Neptune_2026/Microfluidics-Benchmarks/Results/MINT-TestCases/primitive/droplet_merger/droplet_merger_fromMINT_PR.json
2026-05-06T20:04:23+00:00,primitive/droplet_sorter.mint,primitive/droplet_sorter.mint,droplet_sorter,1,0.680971,0.089588,0.001139,0.090727,/home/cidar-ron/Downloads/Neptune_2026/Microfluidics-Benchmarks/Results/MINT-TestCases/primitive/droplet_sorter/droplet_sorter_fromMINT_PR.json
2026-05-06T20:04:24+00:00,primitive/filter.mint,primitive/filter.mint,filter,1,0.678892,0.120646,0.001527,0.122173,/home/cidar-ron/Downloads/Neptune_2026/Microfluidics-Benchmarks/Results/MINT-TestCases/primitive/filter/filter_fromMINT_PR.json
2026-05-06T20:04:25+00:00,primitive/flow_focus_droplet_generator.mint,primitive/flow_focus_droplet_generator.mint,flow_focus_droplet_generator,1,0.661063,0.073625,0.000927,0.074552,/home/cidar-ron/Downloads/Neptune_2026/Microfluidics-Benchmarks/Results/MINT-TestCases/primitive/flow_focus_droplet_generator/flow_focus_droplet_generator_fromMINT_PR.json
2026-05-06T20:04:26+00:00,primitive/gradient_generator.mint,primitive/gradient_generator.mint,gradient_generator,1,0.669788,0.102621,0.001521,0.104142,/home/cidar-ron/Downloads/Neptune_2026/Microfluidics-Benchmarks/Results/MINT-TestCases/primitive/gradient_generator/gradient_generator_fromMINT_PR.json
2026-05-06T20:04:27+00:00,primitive/long_cell_trap.mint,primitive/long_cell_trap.mint,long_cell_trap,1,0.599890,0.082234,0.001283,0.083517,/home/cidar-ron/Downloads/Neptune_2026/Microfluidics-Benchmarks/Results/MINT-TestCases/primitive/long_cell_trap/long_cell_trap_fromMINT_PR.json
2026-05-06T20:04:28+00:00,primitive/mixer.mint,primitive/mixer.mint,mixer,1,0.672391,0.085673,0.001099,0.086771,/home/cidar-ron/Downloads/Neptune_2026/Microfluidics-Benchmarks/Results/MINT-TestCases/primitive/mixer/mixer_fromMINT_PR.json
2026-05-06T20:04:29+00:00,primitive/mixer_to_mixer.mint,primitive/mixer_to_mixer.mint,mixer_to_mixer,1,0.700832,0.072110,0.001154,0.073264,/home/cidar-ron/Downloads/Neptune_2026/Microfluidics-Benchmarks/Results/MINT-TestCases/primitive/mixer_to_mixer/mixer_to_mixer_fromMINT_PR.json
2026-05-06T20:04:29+00:00,primitive/mux.mint,primitive/mux.mint,mux,1,0.667282,0.130457,0.002087,0.132544,/home/cidar-ron/Downloads/Neptune_2026/Microfluidics-Benchmarks/Results/MINT-TestCases/primitive/mux/mux_fromMINT_PR.json
2026-05-06T20:04:30+00:00,primitive/mux3d.mint,primitive/mux3d.mint,mux3d,1,0.686583,0.201059,0.002087,0.203145,/home/cidar-ron/Downloads/Neptune_2026/Microfluidics-Benchmarks/Results/MINT-TestCases/primitive/mux3d/mux3d_fromMINT_PR.json
2026-05-06T20:04:31+00:00,primitive/node.mint,primitive/node.mint,node,1,0.686161,0.071127,0.001030,0.072156,/home/cidar-ron/Downloads/Neptune_2026/Microfluidics-Benchmarks/Results/MINT-TestCases/primitive/node/node_fromMINT_PR.json
2026-05-06T20:04:32+00:00,primitive/nozzle_droplet_generator.mint,primitive/nozzle_droplet_generator.mint,nozzle_droplet_generator,1,0.655287,0.087394,0.001912,0.089307,/home/cidar-ron/Downloads/Neptune_2026/Microfluidics-Benchmarks/Results/MINT-TestCases/primitive/nozzle_droplet_generator/nozzle_droplet_generator_fromMINT_PR.json
2026-05-06T20:04:33+00:00,primitive/picoinjector.mint,primitive/picoinjector.mint,picoinjector,1,0.680518,0.084562,0.001187,0.085749,/home/cidar-ron/Downloads/Neptune_2026/Microfluidics-Benchmarks/Results/MINT-TestCases/primitive/picoinjector/picoinjector_fromMINT_PR.json
2026-05-06T20:04:34+00:00,primitive/pump.mint,primitive/pump.mint,pump,1,0.630880,0.104953,0.001787,0.106740,/home/cidar-ron/Downloads/Neptune_2026/Microfluidics-Benchmarks/Results/MINT-TestCases/primitive/pump/pump_fromMINT_PR.json
2026-05-06T20:04:35+00:00,primitive/pump3d.mint,primitive/pump3d.mint,pump3d,1,0.569193,0.109297,0.001481,0.110778,/home/cidar-ron/Downloads/Neptune_2026/Microfluidics-Benchmarks/Results/MINT-TestCases/primitive/pump3d/pump3d_fromMINT_PR.json
2026-05-06T20:04:36+00:00,primitive/rotarymixer.mint,primitive/rotarymixer.mint,rotarymixer,1,0.673661,0.113482,0.001078,0.114560,/home/cidar-ron/Downloads/Neptune_2026/Microfluidics-Benchmarks/Results/MINT-TestCases/primitive/rotarymixer/rotarymixer_fromMINT_PR.json
2026-05-06T20:04:36+00:00,primitive/splitter.mint,primitive/splitter.mint,splitter,1,0.671083,0.093450,0.001376,0.094826,/home/cidar-ron/Downloads/Neptune_2026/Microfluidics-Benchmarks/Results/MINT-TestCases/primitive/splitter/splitter_fromMINT_PR.json
2026-05-06T20:04:37+00:00,primitive/square_cell_trap.mint,primitive/square_cell_trap.mint,square_cell_trap,1,0.685165,0.084736,0.002519,0.087256,/home/cidar-ron/Downloads/Neptune_2026/Microfluidics-Benchmarks/Results/MINT-TestCases/primitive/square_cell_trap/square_cell_trap_fromMINT_PR.json
2026-05-06T20:04:38+00:00,primitive/transposer.mint,primitive/transposer.mint,transposer,1,0.669610,0.153477,0.001697,0.155175,/home/cidar-ron/Downloads/Neptune_2026/Microfluidics-Benchmarks/Results/MINT-TestCases/primitive/transposer/transposer_fromMINT_PR.json
2026-05-06T20:04:39+00:00,primitive/tree.mint,primitive/tree.mint,tree,1,0.669143,0.103821,0.001653,0.105474,/home/cidar-ron/Downloads/Neptune_2026/Microfluidics-Benchmarks/Results/MINT-TestCases/primitive/tree/tree_fromMINT_PR.json
2026-05-06T20:04:40+00:00,primitive/valve.mint,primitive/valve.mint,valve,1,0.679271,0.081677,0.001704,0.083381,/home/cidar-ron/Downloads/Neptune_2026/Microfluidics-Benchmarks/Results/MINT-TestCases/primitive/valve/valve_fromMINT_PR.json
2026-05-06T20:04:41+00:00,primitive/ytree.mint,primitive/ytree.mint,ytree,1,0.674719,0.097399,0.002059,0.099459,/home/cidar-ron/Downloads/Neptune_2026/Microfluidics-Benchmarks/Results/MINT-TestCases/primitive/ytree/ytree_fromMINT_PR.json
2026-05-06T20:04:42+00:00,test/dropletx.mint,test/dropletx.mint,dropletx,1,0.677100,0.083601,0.001685,0.085286,/home/cidar-ron/Downloads/Neptune_2026/Microfluidics-Benchmarks/Results/MINT-TestCases/test/dropletx/dropletx_fromMINT_PR.json
2026-05-06T20:04:43+00:00,test/expresstest.mint,test/expresstest.mint,expresstest,1,0.677100,0.089180,0.001205,0.090385,/home/cidar-ron/Downloads/Neptune_2026/Microfluidics-Benchmarks/Results/MINT-TestCases/test/expresstest/expresstest_fromMINT_PR.json
2026-05-06T20:04:44+00:00,test/multi_input.mint,test/multi_input.mint,multi_input,1,0.690499,0.180066,0.002698,0.182764,/home/cidar-ron/Downloads/Neptune_2026/Microfluidics-Benchmarks/Results/MINT-TestCases/test/multi_input/multi_input_fromMINT_PR.json
2026-05-06T20:04:44+00:00,test/ring.mint,test/ring.mint,ring,1,0.683270,0.121478,0.001997,0.123475,/home/cidar-ron/Downloads/Neptune_2026/Microfluidics-Benchmarks/Results/MINT-TestCases/test/ring/ring_fromMINT_PR.json
